STDR_YYQU_CD,행정동코드,행정동명,TOT_FLPOP_CO,ML_FLPOP_CO,FML_FLPOP_CO,AGRDE_10_FLPOP_CO,AGRDE_20_FLPOP_CO,AGRDE_30_FLPOP_CO,AGRDE_40_FLPOP_CO,AGRDE_50_FLPOP_CO,AGRDE_60_ABOVE_FLPOP_CO,TMZON_00_06_FLPOP_CO,TMZON_06_11_FLPOP_CO,TMZON_11_14_FLPOP_CO,TMZON_14_17_FLPOP_CO,TMZON_17_21_FLPOP_CO,TMZON_21_24_FLPOP_CO,MON_FLPOP_CO,TUES_FLPOP_CO,WED_FLPOP_CO,THUR_FLPOP_CO,FRI_FLPOP_CO,SAT_FLPOP_CO,SUN_FLPOP_CO
20191,11440530,공덕동,8713860.0,4040218.0,4673638.0,1091098.0,1444636.0,1722073.0,1545758.0,1188626.0,1721670.0,1991166.0,1832389.0,1172771.0,1151883.0,1514353.0,1051300.0,1260392.0,1267489.0,1271883.0,1285985.0,1275071.0,1186468.0,1166578.0
20192,11440530,공덕동,8659759.0,3955283.0,4704480.0,1094161.0,1455476.0,1733147.0,1542288.0,1151296.0,1683398.0,1989829.0,1825536.0,1156028.0,1137342.0,1502818.0,1048203.0,1255940.0,1276208.0,1272549.0,1266977.0,1267378.0,1169716.0,1150991.0
20193,11440530,공덕동,8843043.0,4068655.0,4774392.0,1109023.0,1484571.0,1784183.0,1577645.0,1189827.0,1697797.0,2037628.0,1859396.0,1183166.0,1162102.0,1529969.0,1070787.0,1301279.0,1310107.0,1308153.0,1280303.0,1272750.0,1187504.0,1182962.0
20194,11440530,공덕동,9025105.0,4155182.0,4869923.0,1126968.0,1479793.0,1815776.0,1630268.0,1240310.0,1731992.0,2052946.0,1893623.0,1215367.0,1194339.0,1580188.0,1088648.0,1322402.0,1327001.0,1313230.0,1305975.0,1314867.0,1230169.0,1211462.0
20201,11440530,공덕동,9070640.0,4184580.0,4886056.0,1151322.0,1518935.0,1830435.0,1619518.0,1232479.0,1717955.0,2053816.0,1900278.0,1227236.0,1215787.0,1584978.0,1088549.0,1319510.0,1328879.0,1331023.0,1337721.0,1323248.0,1222923.0,1207338.0
20202,11440530,공덕동,8354125.0,3873957.0,4480169.0,1026557.0,1433225.0,1705501.0,1507972.0,1142919.0,1537951.0,1869525.0,1745687.0,1132177.0,1126558.0,1475091.0,1005086.0,1224045.0,1227217.0,1228077.0,1225263.0,1217299.0,1124998.0,1107226.0
20203,11440530,공덕동,8369000.0,3880922.0,4488086.0,1017405.0,1447063.0,1705546.0,1518291.0,1144300.0,1536399.0,1881973.0,1749294.0,1135293.0,1130567.0,1467108.0,1004768.0,1221360.0,1233506.0,1222701.0,1236500.0,1233073.0,1121707.0,1100162.0
20204,11440530,공덕동,8209757.0,3814641.0,4395114.0,1021459.0,1380283.0,1673785.0,1503127.0,1131655.0,1499453.0,1837995.0,1715434.0,1115050.0,1115435.0,1442409.0,983428.0,1217600.0,1218032.0,1218118.0,1199857.0,1179439.0,1094559.0,1082152.0
20211,11440530,공덕동,8336228.0,3890505.0,4445722.0,1029969.0,1392194.0,1711848.0,1519721.0,1163318.0,1519176.0,1878184.0,1743724.0,1129647.0,1128642.0,1456129.0,999893.0,1223211.0,1235151.0,1228617.0,1220356.0,1203522.0,1119638.0,1105736.0
20212,11440530,공덕동,8279053.0,3844362.0,4434691.0,1012861.0,1401919.0,1702835.0,1514726.0,1157915.0,1488798.0,1868774.0,1737424.0,1118344.0,1115745.0,1443101.0,995680.0,1224635.0,1223909.0,1205333.0,1222155.0,1215376.0,1104274.0,1083381.0
20213,11440530,공덕동,8593794.0,3977803.0,4615990.0,1057189.0,1453455.0,1754238.0,1569569.0,1204216.0,1555126.0,1986062.0,1805823.0,1147943.0,1142545.0,1474014.0,1037410.0,1242590.0,1259226.0,1262471.0,1270576.0,1264561.0,1159111.0,1135252.0
20214,11440530,공덕동,8746813.0,4040387.0,4706422.0,1081074.0,1472963.0,1804925.0,1597939.0,1222683.0,1567231.0,2029825.0,1840321.0,1160806.0,1153012.0,1502401.0,1060451.0,1264008.0,1284815.0,1283764.0,1282572.0,1274245.0,1187811.0,1169603.0
20221,11440530,공덕동,8689639.0,4026096.0,4663543.0,1070680.0,1463415.0,1794640.0,1586074.0,1219789.0,1555033.0,2011110.0,1825184.0,1155043.0,1147408.0,1495780.0,1055111.0,1258685.0,1254465.0,1259704.0,1277510.0,1274125.0,1194039.0,1171112.0
20222,11440530,공덕동,8657854.0,4000745.0,4657114.0,1066274.0,1454228.0,1788050.0,1590120.0,1211387.0,1547791.0,2031290.0,1822086.0,1137984.0,1126837.0,1483411.0,1056253.0,1266846.0,1276296.0,1263640.0,1260248.0,1260089.0,1172600.0,1158136.0
20223,11440530,공덕동,8397786.0,3861788.0,4535999.0,1027355.0,1421459.0,1730013.0,1527011.0,1178119.0,1513830.0,1925713.0,1768499.0,1121611.0,1112243.0,1452082.0,1017633.0,1217959.0,1239279.0,1241509.0,1236063.0,1218768.0,1128909.0,1115299.0
20224,11440530,공덕동,8281653.0,3806699.0,4474956.0,1000296.0,1380141.0,1713002.0,1516961.0,1171187.0,1500066.0,1897840.0,1744634.0,1109280.0,1098480.0,1435868.0,995558.0,1196397.0,1214731.0,1215701.0,1214286.0,1207396.0,1127290.0,1105846.0
20231,11440530,공덕동,8249524.0,3791183.0,4458336.0,983906.0,1376697.0,1699821.0,1519275.0,1177143.0,1492690.0,1885459.0,1726995.0,1107313.0,1102947.0,1435818.0,990985.0,1196402.0,1207037.0,1205707.0,1210487.0,1211172.0,1118106.0,1100622.0
20232,11440530,공덕동,8299222.0,3785089.0,4514134.0,1002033.0,1377885.0,1709230.0,1533948.0,1175789.0,1500342.0,1910440.0,1745521.0,1104622.0,1096483.0,1440110.0,1002060.0,1200955.0,1213139.0,1221004.0,1219801.0,1208141.0,1128663.0,1107520.0
20233,11440530,공덕동,8113460.0,3676862.0,4436598.0,957206.0,1344596.0,1680284.0,1500469.0,1157660.0,1473247.0,1873011.0,1714057.0,1085263.0,1074301.0,1395315.0,971516.0,1195580.0,1193483.0,1195034.0,1179284.0,1168975.0,1089596.0,1091500.0
20234,11440530,공덕동,7960007.0,3615363.0,4344647.0,942956.0,1305328.0,1645780.0,1473857.0,1135916.0,1456169.0,1818871.0,1685196.0,1068992.0,1053976.0,1381248.0,951721.0,1145060.0,1163334.0,1171475.0,1173299.0,1164088.0,1086750.0,1056009.0
20241,11440530,공덕동,7817717.0,3550834.0,4266882.0,922421.0,1273508.0,1618832.0,1450759.0,1123782.0,1428420.0,1769389.0,1657936.0,1057700.0,1045584.0,1358843.0,928271.0,1139408.0,1150587.0,1158837.0,1148130.0,1127762.0,1055104.0,1037897.0
20242,11440530,공덕동,7507122.0,3385701.0,4121422.0,913459.0,1210306.0,1547029.0,1399227.0,1086203.0,1350897.0,1718058.0,1591998.0,1007927.0,994915.0,1296308.0,897924.0,1099768.0,1107621.0,1087772.0,1094772.0,1101612.0,1017519.0,998057.0
20243,11440530,공덕동,7426255.0,3351318.0,4074940.0,917029.0,1193410.0,1530027.0,1373989.0,1079366.0,1332440.0,1685149.0,1571644.0,1002198.0,994378.0,1286857.0,886027.0,1083210.0,1084116.0,1088264.0,1087974.0,1086199.0,1006178.0,990322.0
20244,11440530,공덕동,7492710.0,3378263.0,4114444.0,940659.0,1192131.0,1543858.0,1386460.0,1096380.0,1333224.0,1691658.0,1583708.0,1010152.0,1002334.0,1309677.0,895188.0,1089854.0,1089589.0,1088911.0,1093965.0,1095830.0,1030445.0,1004124.0
20251,11440530,공덕동,7414150.0,3349007.0,4065143.0,916547.0,1185852.0,1521258.0,1378134.0,1090702.0,1321653.0,1677104.0,1564239.0,1002454.0,999691.0,1290056.0,880595.0,1073678.0,1077803.0,1071519.0,1083538.0,1085545.0,1023807.0,998257.0
20252,11440530,공덕동,7350729.0,3312614.0,4038115.0,919430.0,1181122.0,1499721.0,1370207.0,1092047.0,1288199.0,1675395.0,1557486.0,987676.0,980131.0,1271626.0,878420.0,1070604.0,1070033.0,1082303.0,1075323.0,1070156.0,999473.0,982842.0
20253,11440530,공덕동,7512342.0,3382530.0,4129813.0,927405.0,1232470.0,1534546.0,1398498.0,1111136.0,1308291.0,1714348.0,1594875.0,1006797.0,998901.0,1299392.0,898030.0,1097998.0,1103321.0,1101937.0,1101549.0,1087399.0,1018247.0,1001896.0
20254,11440530,공덕동,7582400.0,3404843.0,4177557.0,951315.0,1228954.0,1536308.0,1393796.0,1125561.0,1346466.0,1747221.0,1619746.0,1000429.0,989454.0,1314668.0,910883.0,1099792.0,1103575.0,1110640.0,1106571.0,1108153.0,1037554.0,1016115.0
20191,11440560,대흥동,3990281.0,1822504.0,2167779.0,560196.0,1006417.0,590790.0,587778.0,477671.0,767429.0,943993.0,842006.0,528984.0,515460.0,674960.0,484877.0,577633.0,580550.0,585555.0,591523.0,578024.0,551964.0,525030.0
20192,11440560,대흥동,4236201.0,1903999.0,2332203.0,662428.0,1114339.0,605185.0,598090.0,478126.0,778037.0,990215.0,903652.0,567847.0,547492.0,715250.0,511745.0,617673.0,634700.0,628890.0,626445.0,619562.0,563634.0,545299.0
20193,11440560,대흥동,4176530.0,1903390.0,2273142.0,617680.0,1074411.0,608836.0,616251.0,494809.0,764541.0,987332.0,890080.0,555955.0,539226.0,700646.0,503294.0,619903.0,629158.0,624346.0,609102.0,599759.0,557422.0,536844.0
20194,11440560,대흥동,4604361.0,2117136.0,2487226.0,673491.0,1245992.0,677308.0,671310.0,539151.0,797108.0,1064419.0,980881.0,622113.0,599685.0,780902.0,556363.0,682321.0,682660.0,670227.0,676633.0,677782.0,622736.0,592009.0
20201,11440560,대흥동,4299018.0,1991521.0,2307496.0,606564.0,1026559.0,679148.0,676858.0,537134.0,772757.0,1002885.0,890893.0,568695.0,563566.0,745257.0,527725.0,624837.0,640858.0,632736.0,636401.0,622156.0,584747.0,557282.0
20202,11440560,대흥동,3826593.0,1770216.0,2056378.0,592454.0,883151.0,604752.0,602133.0,479545.0,664558.0,906937.0,780011.0,494178.0,497542.0,673655.0,474272.0,560259.0,558992.0,566992.0,563613.0,555965.0,519641.0,501128.0
20203,11440560,대흥동,3700224.0,1710155.0,1990068.0,575887.0,827444.0,600002.0,604826.0,457356.0,634707.0,867977.0,762373.0,483073.0,480896.0,647391.0,458513.0,538928.0,544553.0,537618.0,544043.0,538367.0,508217.0,488499.0
20204,11440560,대흥동,3762806.0,1736025.0,2026784.0,603511.0,831714.0,594341.0,620795.0,468681.0,643763.0,903107.0,779847.0,482409.0,480861.0,648356.0,468225.0,549538.0,555332.0,555412.0,542986.0,538177.0,517095.0,504266.0
20211,11440560,대흥동,3429496.0,1571320.0,1858177.0,550803.0,718679.0,550778.0,572542.0,429423.0,607273.0,853517.0,706773.0,428222.0,427553.0,581662.0,431769.0,498075.0,505536.0,498068.0,495978.0,487267.0,477949.0,466620.0
20212,11440560,대흥동,3378759.0,1534814.0,1843944.0,571525.0,718992.0,550236.0,576328.0,403117.0,558561.0,796940.0,693736.0,432215.0,434394.0,593278.0,428196.0,490514.0,492034.0,485939.0,495058.0,490605.0,469917.0,454690.0
20213,11440560,대흥동,3318012.0,1510697.0,1807318.0,532078.0,710173.0,550507.0,572410.0,407108.0,545739.0,762075.0,668223.0,421794.0,430110.0,605554.0,430258.0,473482.0,477512.0,479718.0,484597.0,483051.0,468249.0,451408.0
20214,11440560,대흥동,3494734.0,1578061.0,1916673.0,587508.0,782345.0,569058.0,575388.0,418768.0,561665.0,812941.0,711170.0,440544.0,446698.0,629202.0,454179.0,501959.0,507556.0,506724.0,506656.0,502437.0,489040.0,480362.0
20221,11440560,대흥동,3500694.0,1582176.0,1918518.0,582366.0,778862.0,574801.0,568553.0,423837.0,572274.0,817135.0,703874.0,437514.0,446052.0,635642.0,460476.0,501866.0,499182.0,503174.0,509571.0,506427.0,498190.0,482288.0
20222,11440560,대흥동,3729585.0,1684460.0,2045125.0,688700.0,858683.0,602716.0,576568.0,423287.0,579629.0,863749.0,766199.0,476003.0,478625.0,668772.0,476236.0,540327.0,550745.0,540754.0,541842.0,535991.0,513805.0,506121.0
20223,11440560,대흥동,3984720.0,1821729.0,2162993.0,660518.0,896841.0,661249.0,646626.0,477673.0,641816.0,940455.0,809466.0,500916.0,507252.0,712840.0,513792.0,576864.0,588717.0,587961.0,573766.0,569122.0,549202.0,539090.0
20224,11440560,대흥동,4971267.0,2283260.0,2688007.0,793126.0,1094863.0,836950.0,839709.0,618253.0,788367.0,1190056.0,1004790.0,615210.0,623983.0,883377.0,653849.0,715958.0,727795.0,724174.0,721491.0,713875.0,687253.0,680720.0
20231,11440560,대흥동,4941198.0,2279065.0,2662135.0,786926.0,1034960.0,847559.0,849928.0,628204.0,793624.0,1189009.0,989664.0,613602.0,620010.0,877778.0,651136.0,707600.0,718346.0,718132.0,720003.0,711522.0,691191.0,674403.0
20232,11440560,대흥동,4986744.0,2287808.0,2698937.0,830281.0,1103872.0,834937.0,830062.0,618290.0,769303.0,1208600.0,1008841.0,620050.0,626077.0,878043.0,645135.0,721147.0,730571.0,730783.0,732686.0,713844.0,689147.0,668566.0
20233,11440560,대흥동,4728989.0,2184005.0,2544985.0,767342.0,982536.0,809262.0,805751.0,606518.0,757583.0,1124530.0,959906.0,592233.0,599242.0,836276.0,616804.0,692312.0,691202.0,689351.0,682782.0,670471.0,652492.0,650380.0
20234,11440560,대흥동,4719561.0,2152030.0,2567531.0,759468.0,1015922.0,803160.0,802359.0,599281.0,739369.0,1132582.0,967317.0,584623.0,590438.0,827613.0,616988.0,673298.0,688827.0,690157.0,694182.0,679069.0,658986.0,635041.0
20241,11440560,대흥동,4522745.0,2069656.0,2453087.0,721972.0,907653.0,789826.0,787156.0,593381.0,722757.0,1098424.0,923914.0,557398.0,562529.0,785253.0,595227.0,647717.0,662907.0,662339.0,663617.0,644953.0,627130.0,614084.0
20242,11440560,대흥동,4326710.0,1956692.0,2370018.0,729113.0,897952.0,725992.0,747176.0,550483.0,675997.0,1026498.0,880733.0,540046.0,544437.0,760393.0,574603.0,626327.0,637634.0,625917.0,628544.0,627430.0,598145.0,582711.0
20243,11440560,대흥동,4065670.0,1849189.0,2216483.0,682178.0,785909.0,677875.0,728883.0,543421.0,647398.0,948793.0,825473.0,515262.0,520308.0,724952.0,530886.0,585219.0,589963.0,594198.0,595145.0,593921.0,562041.0,545188.0
20244,11440560,대흥동,4150577.0,1885969.0,2264606.0,699347.0,849483.0,688734.0,734170.0,543509.0,635332.0,968169.0,846519.0,524082.0,529751.0,740166.0,541892.0,601334.0,603892.0,601343.0,606197.0,598721.0,576432.0,562657.0
20251,11440560,대흥동,4142832.0,1884863.0,2257971.0,696926.0,804410.0,695253.0,745504.0,558947.0,641792.0,971172.0,844045.0,523943.0,528054.0,736367.0,539251.0,592960.0,597563.0,595709.0,600103.0,606032.0,574539.0,575927.0
20252,11440560,대흥동,4301590.0,1940720.0,2360871.0,753057.0,878346.0,699107.0,764410.0,565912.0,640762.0,1013151.0,888190.0,543880.0,546853.0,758591.0,550927.0,621072.0,627824.0,633168.0,630880.0,620328.0,595422.0,572898.0
20253,11440560,대흥동,4324171.0,1954933.0,2369238.0,747610.0,838110.0,717648.0,784668.0,584180.0,651959.0,1018056.0,885643.0,545432.0,552294.0,766152.0,556590.0,626338.0,633093.0,631461.0,629086.0,621993.0,597716.0,584482.0
20254,11440560,대흥동,4569791.0,2065163.0,2504624.0,813091.0,845384.0,751161.0,843213.0,621123.0,695820.0,1105834.0,934085.0,564798.0,574262.0,807127.0,583683.0,657569.0,662429.0,664686.0,665798.0,664624.0,636565.0,618119.0
20191,11440540,도화동,2550949.0,1250355.0,1300594.0,246762.0,403837.0,508306.0,449456.0,393779.0,548811.0,510161.0,499308.0,361203.0,356416.0,502293.0,321567.0,364063.0,363404.0,371086.0,382092.0,379137.0,357739.0,333428.0
20192,11440540,도화동,2212649.0,1061017.0,1151632.0,222182.0,355400.0,447432.0,383452.0,331695.0,472485.0,491609.0,429986.0,288161.0,286893.0,419874.0,296126.0,308660.0,317150.0,323358.0,315358.0,320545.0,322887.0,304692.0
20193,11440540,도화동,1909895.0,919912.0,989983.0,183827.0,315688.0,400205.0,333379.0,279862.0,396934.0,404197.0,372626.0,258552.0,258137.0,369002.0,247381.0,271124.0,276490.0,277454.0,271660.0,275325.0,275965.0,261876.0
20194,11440540,도화동,1934457.0,943310.0,991147.0,184839.0,309775.0,412314.0,344177.0,288278.0,395072.0,379131.0,369125.0,272074.0,271932.0,393124.0,249072.0,276192.0,278515.0,273392.0,272705.0,283268.0,285209.0,265175.0
20201,11440540,도화동,1850612.0,904763.0,945851.0,183574.0,302008.0,388199.0,335583.0,274231.0,367016.0,354506.0,357639.0,266379.0,264764.0,374051.0,233272.0,263817.0,271899.0,268508.0,271262.0,272077.0,259329.0,243719.0
20202,11440540,도화동,2048265.0,1002158.0,1046107.0,205973.0,336654.0,433125.0,372494.0,307312.0,392707.0,388348.0,398591.0,294006.0,294300.0,415091.0,257929.0,296798.0,297126.0,299289.0,300057.0,302808.0,284653.0,267532.0
20203,11440540,도화동,1959021.0,961175.0,997846.0,205799.0,304989.0,409349.0,353395.0,299172.0,386315.0,379878.0,386095.0,281094.0,282774.0,388277.0,240904.0,281999.0,288195.0,283262.0,287103.0,291417.0,271484.0,255560.0
20204,11440540,도화동,1919062.0,944685.0,974375.0,203921.0,287521.0,404757.0,351841.0,297543.0,373479.0,369808.0,381335.0,278310.0,279581.0,379216.0,230810.0,281049.0,282285.0,282865.0,277542.0,273345.0,266301.0,255674.0
20211,11440540,도화동,1907915.0,934136.0,973779.0,202893.0,281454.0,400869.0,349068.0,295887.0,377743.0,353262.0,381283.0,282564.0,284162.0,386409.0,220235.0,279367.0,282374.0,282167.0,277698.0,275358.0,261311.0,249639.0
20212,11440540,도화동,1907791.0,921700.0,986090.0,193263.0,285050.0,402805.0,350685.0,296261.0,379727.0,348119.0,380988.0,280362.0,282646.0,389776.0,225899.0,279963.0,279808.0,274355.0,280553.0,283276.0,261075.0,248761.0
20213,11440540,도화동,1312892.0,615368.0,697524.0,141747.0,196075.0,272901.0,234764.0,201682.0,265721.0,203093.0,257118.0,211930.0,219076.0,280988.0,140688.0,190648.0,190377.0,194158.0,192956.0,193276.0,178628.0,172850.0
20214,11440540,도화동,1155878.0,539080.0,616798.0,122310.0,176939.0,246453.0,206910.0,175925.0,227340.0,154723.0,215671.0,192644.0,201395.0,268017.0,123428.0,162558.0,166915.0,168947.0,167979.0,170534.0,165242.0,153703.0
20221,11440540,도화동,1145160.0,537740.0,607419.0,125936.0,175192.0,246347.0,203358.0,169251.0,225074.0,153289.0,217626.0,193011.0,201033.0,264338.0,115865.0,163517.0,162287.0,164126.0,168322.0,170695.0,163703.0,152508.0
20222,11440540,도화동,1198044.0,563428.0,634617.0,115737.0,188139.0,262576.0,221378.0,177882.0,232334.0,163189.0,222923.0,194061.0,203720.0,279327.0,134824.0,171598.0,175386.0,172855.0,171862.0,177823.0,171391.0,157128.0
20223,11440540,도화동,1121528.0,527885.0,593643.0,108930.0,180643.0,248375.0,206291.0,164291.0,212999.0,163186.0,209801.0,180413.0,185505.0,254772.0,127851.0,159038.0,163435.0,165669.0,165589.0,166905.0,156122.0,144772.0
20224,11440540,도화동,1082361.0,511792.0,570569.0,95402.0,174958.0,244112.0,201127.0,161746.0,205017.0,183641.0,202303.0,165232.0,167363.0,236608.0,127215.0,151205.0,157827.0,157852.0,159179.0,161876.0,154621.0,139799.0
20231,11440540,도화동,1106985.0,524226.0,582760.0,102858.0,181529.0,249114.0,201406.0,165179.0,206898.0,186245.0,208760.0,172076.0,172621.0,240203.0,127081.0,158800.0,161322.0,161449.0,164524.0,166741.0,154341.0,139809.0
20232,11440540,도화동,1137341.0,529611.0,607730.0,100232.0,181979.0,252294.0,211417.0,172652.0,218770.0,199843.0,216070.0,172318.0,173212.0,243459.0,132440.0,163791.0,166081.0,168588.0,168293.0,168700.0,156746.0,145142.0
20233,11440540,도화동,1493233.0,693704.0,799530.0,138205.0,230493.0,332922.0,280610.0,228107.0,282895.0,217223.0,284987.0,240634.0,242062.0,340709.0,167619.0,219156.0,216793.0,220380.0,216067.0,217632.0,206235.0,196969.0
20234,11440540,도화동,1512343.0,704652.0,807691.0,138005.0,227705.0,332242.0,287915.0,233221.0,293256.0,220443.0,283978.0,242559.0,245237.0,349630.0,170495.0,210339.0,218749.0,221689.0,221919.0,222535.0,217933.0,199178.0
20241,11440540,도화동,1580927.0,736117.0,844811.0,153501.0,243046.0,340972.0,295709.0,243613.0,304088.0,228729.0,302687.0,254501.0,257509.0,361275.0,176225.0,225977.0,229499.0,238044.0,228856.0,231545.0,219824.0,207182.0
20242,11440540,도화동,1602227.0,742204.0,860023.0,146344.0,246745.0,352919.0,303551.0,243135.0,309531.0,241435.0,304236.0,248595.0,253476.0,367538.0,186947.0,231234.0,235103.0,227593.0,231802.0,237493.0,225619.0,213383.0
20243,11440540,도화동,1615384.0,752257.0,863127.0,152606.0,246480.0,356739.0,307019.0,245562.0,306980.0,239624.0,311000.0,254584.0,259589.0,363961.0,186624.0,234397.0,233192.0,235805.0,236246.0,240130.0,223490.0,212126.0
20244,11440540,도화동,1686150.0,783288.0,902862.0,156621.0,256283.0,372034.0,319932.0,257017.0,324263.0,251921.0,318047.0,263563.0,269385.0,387641.0,195592.0,241975.0,239154.0,239007.0,244641.0,248892.0,246574.0,225908.0
20251,11440540,도화동,1591965.0,746415.0,845550.0,149924.0,243680.0,353895.0,297622.0,243400.0,303445.0,225849.0,302934.0,254710.0,259959.0,365884.0,182629.0,227095.0,227284.0,224399.0,228872.0,237825.0,230190.0,216302.0
20252,11440540,도화동,1491582.0,705125.0,786458.0,134860.0,228000.0,335406.0,279938.0,232044.0,281336.0,195103.0,281099.0,239898.0,247760.0,353372.0,174350.0,212517.0,212837.0,217748.0,216344.0,219184.0,212691.0,200261.0
20253,11440540,도화동,1499914.0,700034.0,799880.0,140590.0,232340.0,336226.0,282789.0,231939.0,276030.0,188974.0,283729.0,243720.0,251294.0,356621.0,175573.0,216832.0,216900.0,218606.0,218750.0,219752.0,210784.0,198291.0
20254,11440540,도화동,1498436.0,701073.0,797362.0,147158.0,232386.0,333624.0,277745.0,229104.0,278419.0,184144.0,280475.0,240111.0,250242.0,364574.0,178891.0,212076.0,213630.0,216642.0,214552.0,222258.0,215998.0,203280.0
20191,11440620,망원1동,3944895.0,1774988.0,2169902.0,473168.0,676168.0,793606.0,681822.0,483157.0,836974.0,949915.0,784422.0,482447.0,500781.0,711740.0,515587.0,558106.0,556509.0,559783.0,562975.0,562437.0,572800.0,572286.0
20192,11440620,망원1동,3841213.0,1719426.0,2121787.0,457178.0,667308.0,786070.0,668665.0,463263.0,798731.0,942007.0,767493.0,459877.0,474447.0,689392.0,507994.0,542221.0,541713.0,549011.0,547214.0,549189.0,557478.0,554388.0
20193,11440620,망원1동,3917042.0,1766081.0,2150962.0,458104.0,699517.0,804013.0,680461.0,480305.0,794641.0,948016.0,775527.0,473308.0,490206.0,708695.0,521288.0,558206.0,560719.0,563935.0,555918.0,556003.0,559938.0,562320.0
20194,11440620,망원1동,4115292.0,1837602.0,2277692.0,481985.0,732279.0,843578.0,726542.0,505363.0,825543.0,1001533.0,809749.0,496816.0,518958.0,743085.0,545146.0,579353.0,583406.0,587688.0,585102.0,587702.0,598059.0,593975.0
20201,11440620,망원1동,4100151.0,1860038.0,2240110.0,499760.0,749498.0,836058.0,723465.0,500211.0,791155.0,992092.0,807816.0,501152.0,521519.0,738862.0,538712.0,583793.0,587580.0,585863.0,589692.0,588527.0,585374.0,579317.0
20202,11440620,망원1동,4087236.0,1843125.0,2244110.0,496777.0,758823.0,841235.0,715238.0,500339.0,774827.0,983288.0,799710.0,501763.0,522746.0,742475.0,537259.0,580731.0,583708.0,586603.0,585058.0,586684.0,588590.0,575862.0
20203,11440620,망원1동,3949236.0,1785433.0,2163802.0,466621.0,737116.0,813329.0,693030.0,483757.0,755382.0,940200.0,775457.0,489862.0,510792.0,718495.0,514431.0,561408.0,566169.0,566890.0,565146.0,568618.0,565901.0,555104.0
20204,11440620,망원1동,3861495.0,1751745.0,2109747.0,462139.0,702084.0,795185.0,683728.0,480798.0,737560.0,917187.0,759188.0,478088.0,502272.0,703581.0,501181.0,554923.0,552561.0,554040.0,548158.0,551086.0,553500.0,547220.0
20211,11440620,망원1동,3792915.0,1710988.0,2081927.0,447746.0,691116.0,786136.0,671971.0,478768.0,717176.0,895015.0,742106.0,474338.0,500750.0,692501.0,488204.0,539727.0,542749.0,545539.0,541748.0,540545.0,543818.0,538792.0
20212,11440620,망원1동,3753606.0,1682801.0,2070807.0,426695.0,696798.0,785420.0,668306.0,479284.0,697102.0,895185.0,730767.0,462409.0,489900.0,689548.0,485797.0,532182.0,534809.0,539334.0,534290.0,537023.0,542105.0,533864.0
20213,11440620,망원1동,3530579.0,1596199.0,1934381.0,415156.0,643693.0,725367.0,629099.0,460060.0,657210.0,844271.0,694425.0,439532.0,459721.0,633725.0,458902.0,501636.0,500377.0,505037.0,508996.0,509704.0,506403.0,498423.0
20214,11440620,망원1동,3472531.0,1562701.0,1909828.0,387942.0,637564.0,722185.0,618284.0,460602.0,645949.0,831451.0,677385.0,430465.0,451416.0,628311.0,453500.0,492817.0,494533.0,497717.0,498831.0,500177.0,497588.0,490866.0
20221,11440620,망원1동,3467014.0,1557867.0,1909146.0,386892.0,632260.0,723038.0,613162.0,466728.0,644934.0,825287.0,674991.0,432294.0,455250.0,629509.0,449676.0,489700.0,489580.0,494727.0,499470.0,502122.0,499285.0,492126.0
20222,11440620,망원1동,3451597.0,1542102.0,1909495.0,368370.0,640834.0,727208.0,609866.0,468696.0,636624.0,832626.0,668273.0,421854.0,441928.0,630318.0,456598.0,490841.0,488991.0,489401.0,490449.0,495944.0,501627.0,494344.0
20223,11440620,망원1동,3284435.0,1472925.0,1811510.0,355542.0,614028.0,684470.0,575105.0,446997.0,608296.0,805116.0,640906.0,400065.0,415843.0,587556.0,434945.0,465510.0,470657.0,471025.0,469912.0,472349.0,469521.0,465461.0
20224,11440620,망원1동,3364091.0,1507169.0,1856925.0,347949.0,612169.0,705501.0,602147.0,456450.0,639878.0,799704.0,653375.0,418123.0,439776.0,614806.0,438311.0,476869.0,480386.0,480730.0,479037.0,482379.0,486198.0,478496.0
20231,11440620,망원1동,3421095.0,1541671.0,1879422.0,366793.0,621296.0,713598.0,616546.0,453961.0,648901.0,793440.0,667950.0,434292.0,458489.0,628608.0,438313.0,482965.0,486577.0,490810.0,491802.0,494732.0,494932.0,479276.0
20232,11440620,망원1동,3474155.0,1551304.0,1922852.0,362476.0,640078.0,723530.0,629862.0,463715.0,654496.0,815343.0,675777.0,433873.0,454776.0,642618.0,451769.0,494302.0,493364.0,490993.0,497040.0,501305.0,503988.0,493165.0
20233,11440620,망원1동,3384462.0,1520682.0,1863782.0,384370.0,617443.0,693542.0,604330.0,451690.0,633090.0,790741.0,659090.0,425340.0,445022.0,623541.0,440726.0,485399.0,483294.0,483094.0,481638.0,482786.0,485002.0,483254.0
20234,11440620,망원1동,3662351.0,1639811.0,2022539.0,411037.0,666175.0,753310.0,644788.0,496705.0,690337.0,808944.0,722133.0,469258.0,497325.0,697123.0,467566.0,518749.0,520805.0,521850.0,522151.0,530448.0,530986.0,517367.0
20241,11440620,망원1동,3646077.0,1628532.0,2017546.0,409179.0,672937.0,749361.0,633743.0,494916.0,685948.0,788058.0,722113.0,478757.0,505738.0,694213.0,457193.0,515996.0,520160.0,525147.0,521617.0,527573.0,523449.0,512137.0
20242,11440620,망원1동,3687266.0,1637825.0,2049437.0,382456.0,704993.0,777228.0,646976.0,490738.0,684874.0,806877.0,733765.0,481060.0,506784.0,698273.0,460503.0,520088.0,525017.0,526883.0,527369.0,535938.0,534383.0,517591.0
20243,11440620,망원1동,3702269.0,1643881.0,2058387.0,390483.0,714760.0,774147.0,648264.0,492485.0,682127.0,823320.0,742370.0,479535.0,503785.0,688720.0,464544.0,525203.0,525509.0,530139.0,534535.0,539421.0,531612.0,515849.0
20244,11440620,망원1동,3775589.0,1675238.0,2100349.0,399778.0,729922.0,795372.0,662834.0,505460.0,682228.0,834495.0,756712.0,490980.0,517188.0,704931.0,471285.0,532787.0,537575.0,541703.0,541171.0,546918.0,545052.0,530385.0
20251,11440620,망원1동,3749003.0,1675248.0,2073753.0,405510.0,727763.0,783241.0,658773.0,501561.0,672154.0,826676.0,749665.0,492852.0,518933.0,697017.0,463860.0,532740.0,530819.0,531003.0,537418.0,545374.0,543616.0,528033.0
20252,11440620,망원1동,3577126.0,1581433.0,1995692.0,368112.0,701720.0,756534.0,640580.0,481177.0,629009.0,799274.0,714685.0,461280.0,484739.0,666819.0,450334.0,506614.0,513223.0,510711.0,511877.0,518216.0,512570.0,503916.0
20253,11440620,망원1동,3682097.0,1625730.0,2056370.0,379396.0,720677.0,776170.0,658082.0,499305.0,648472.0,820810.0,740504.0,480117.0,500304.0,679188.0,461175.0,524532.0,528303.0,529800.0,531966.0,532206.0,519583.0,515705.0
20254,11440620,망원1동,3603433.0,1610820.0,1992614.0,374648.0,687016.0,754934.0,642125.0,507865.0,636842.0,802825.0,720068.0,472170.0,492665.0,666781.0,448927.0,505914.0,509045.0,518093.0,518263.0,523249.0,521438.0,507431.0
20191,11440660,망원2동,57631.4,28548.3,29083.2,,,,,,,,,,,,,,,,,,,
20192,11440660,망원2동,57866.2,28153.5,29712.7,,,,,,,,,,,,,,,,,,,
20193,11440660,망원2동,59407.6,29038.8,30368.8,,,,,,,,,,,,,,,,,,,
20194,11440660,망원2동,59900.9,29260.1,30640.8,,,,,,,,,,,,,,,,,,,
20201,11440660,망원2동,51974.4,25654.1,26320.3,,,,,,,,,,,,,,,,,,,
20202,11440660,망원2동,50128.2,24518.6,25609.6,,,,,,,,,,,,,,,,,,,
20203,11440660,망원2동,50157.5,24240.2,25917.3,,,,,,,,,,,,,,,,,,,
20204,11440660,망원2동,47563.0,22903.3,24659.7,,,,,,,,,,,,,,,,,,,
20211,11440660,망원2동,41569.9,19715.0,21854.9,,,,,,,,,,,,,,,,,,,
20212,11440660,망원2동,43674.5,20897.2,22777.4,,,,,,,,,,,,,,,,,,,
20213,11440660,망원2동,42852.8,20519.8,22333.0,,,,,,,,,,,,,,,,,,,
20214,11440660,망원2동,47118.2,22757.7,24360.6,,,,,,,,,,,,,,,,,,,
20221,11440660,망원2동,43225.8,20490.8,22735.0,,,,,,,,,,,,,,,,,,,
20222,11440660,망원2동,54384.6,26542.9,27841.6,,,,,,,,,,,,,,,,,,,
20223,11440660,망원2동,54484.8,26758.8,27725.9,,,,,,,,,,,,,,,,,,,
20224,11440660,망원2동,55912.3,27384.8,28527.5,,,,,,,,,,,,,,,,,,,
20231,11440660,망원2동,56270.4,27607.1,28663.3,,,,,,,,,,,,,,,,,,,
20232,11440660,망원2동,55214.5,26980.7,28233.8,,,,,,,,,,,,,,,,,,,
20233,11440660,망원2동,54104.5,26643.3,27461.3,,,,,,,,,,,,,,,,,,,
20234,11440660,망원2동,54651.8,26879.0,27772.9,,,,,,,,,,,,,,,,,,,
20241,11440660,망원2동,53538.3,26604.9,26933.4,,,,,,,,,,,,,,,,,,,
20242,11440660,망원2동,53930.5,26347.1,27583.5,,,,,,,,,,,,,,,,,,,
20243,11440660,망원2동,50991.8,25182.6,25809.2,,,,,,,,,,,,,,,,,,,
20244,11440660,망원2동,51953.9,25351.7,26602.3,,,,,,,,,,,,,,,,,,,
20251,11440660,망원2동,50504.6,24882.7,25621.9,,,,,,,,,,,,,,,,,,,
20252,11440660,망원2동,50662.6,24721.7,25940.9,,,,,,,,,,,,,,,,,,,
20253,11440660,망원2동,49741.7,24397.5,25344.2,,,,,,,,,,,,,,,,,,,
20254,11440660,망원2동,50221.5,24653.4,25568.2,,,,,,,,,,,,,,,,,,,
20191,11440740,상암동,1401134.0,699852.0,701282.0,134447.0,300331.0,348516.0,250905.0,172503.0,194431.0,242333.0,276736.0,221578.0,223183.0,276754.0,160547.0,213373.0,215179.0,216109.0,227897.0,216778.0,165994.0,145802.0
20192,11440740,상암동,1461533.0,728851.0,732682.0,127755.0,320162.0,371230.0,267729.0,176166.0,198491.0,247037.0,287799.0,232410.0,236097.0,291604.0,166584.0,220103.0,235806.0,228916.0,227237.0,225531.0,174246.0,149694.0
20193,11440740,상암동,1529639.0,776119.0,753520.0,144356.0,338713.0,390048.0,281138.0,177329.0,198056.0,254820.0,305870.0,245053.0,248123.0,305006.0,170767.0,246088.0,250399.0,244734.0,233034.0,229519.0,171120.0,154746.0
20194,11440740,상암동,1670974.0,851145.0,819829.0,151103.0,360612.0,432408.0,304038.0,195501.0,227314.0,277362.0,325415.0,270597.0,266501.0,339757.0,191342.0,263676.0,265454.0,251747.0,253363.0,264025.0,199405.0,173305.0
20201,11440740,상암동,1508753.0,783996.0,724758.0,133219.0,331011.0,397207.0,275105.0,174175.0,198034.0,249712.0,294308.0,244432.0,242751.0,304760.0,172790.0,231767.0,242769.0,237777.0,241729.0,233363.0,167436.0,153912.0
20202,11440740,상암동,1429997.0,742459.0,687538.0,126328.0,307584.0,371514.0,273907.0,167553.0,183112.0,254706.0,276879.0,221169.0,217549.0,288896.0,170801.0,222508.0,223507.0,223952.0,222313.0,218617.0,166134.0,152969.0
20203,11440740,상암동,1358388.0,692833.0,665555.0,127825.0,284787.0,337962.0,264077.0,159764.0,183973.0,255571.0,262267.0,206303.0,198398.0,273032.0,162817.0,205306.0,212240.0,206211.0,212882.0,210083.0,161599.0,150066.0
20204,11440740,상암동,1329536.0,674994.0,654542.0,128641.0,270738.0,328954.0,255378.0,154699.0,191128.0,257898.0,253083.0,198349.0,188393.0,270679.0,161135.0,203907.0,204472.0,205746.0,200390.0,193667.0,164787.0,156566.0
20211,11440740,상암동,1203212.0,612048.0,591164.0,116432.0,244971.0,300902.0,233664.0,137863.0,169380.0,225065.0,238294.0,184030.0,175584.0,246270.0,133969.0,182877.0,186027.0,185597.0,182069.0,174956.0,147553.0,144133.0
20212,11440740,상암동,1217438.0,613386.0,604053.0,105252.0,254717.0,308636.0,238435.0,141240.0,169157.0,219494.0,237467.0,189704.0,178228.0,254792.0,137752.0,187428.0,186884.0,180410.0,189275.0,186222.0,146901.0,140318.0
20213,11440740,상암동,1078269.0,539788.0,538481.0,98812.0,215803.0,271381.0,209156.0,130531.0,152587.0,203011.0,212606.0,169099.0,160965.0,213644.0,118944.0,159903.0,163209.0,162451.0,168251.0,163991.0,131871.0,128594.0
20214,11440740,상암동,1142337.0,575543.0,566795.0,97753.0,241460.0,284563.0,227316.0,137845.0,153399.0,208403.0,216492.0,180164.0,166925.0,237039.0,133317.0,167728.0,177729.0,177107.0,177536.0,173359.0,137773.0,131106.0
20221,11440740,상암동,1085700.0,544477.0,541223.0,100480.0,227118.0,256630.0,218419.0,129827.0,153226.0,201465.0,210334.0,170491.0,158707.0,224251.0,120452.0,163750.0,161920.0,162084.0,169374.0,166274.0,134324.0,127974.0
20222,11440740,상암동,1204426.0,602492.0,601934.0,101922.0,263128.0,299177.0,243385.0,141587.0,155229.0,213265.0,222587.0,190020.0,173365.0,256687.0,148503.0,180530.0,191299.0,185259.0,186908.0,181712.0,145221.0,133498.0
20223,11440740,상암동,1192012.0,591814.0,600198.0,105739.0,261762.0,287162.0,235169.0,148164.0,154016.0,209945.0,226357.0,184859.0,172285.0,251582.0,146984.0,174169.0,188372.0,188636.0,189393.0,178370.0,142433.0,130637.0
20224,11440740,상암동,1278772.0,631005.0,647767.0,112958.0,276074.0,305730.0,250725.0,162452.0,170834.0,225333.0,241748.0,197617.0,185615.0,271302.0,157156.0,184656.0,198963.0,199034.0,199890.0,193222.0,159126.0,143882.0
20231,11440740,상암동,1315619.0,643764.0,671855.0,114367.0,278880.0,321171.0,258118.0,165724.0,177359.0,225219.0,252937.0,206049.0,194216.0,277425.0,159773.0,195441.0,202548.0,202431.0,211324.0,202467.0,159611.0,141796.0
20232,11440740,상암동,1261371.0,621270.0,640101.0,99053.0,266569.0,318526.0,249608.0,162372.0,165244.0,221117.0,242467.0,194366.0,184281.0,264316.0,154821.0,184260.0,195399.0,199406.0,202383.0,189356.0,153813.0,136754.0
20233,11440740,상암동,1276175.0,627658.0,648517.0,105213.0,264966.0,313683.0,251570.0,167548.0,173195.0,223234.0,249738.0,194830.0,186374.0,266274.0,155725.0,195278.0,197303.0,197996.0,195074.0,189438.0,155835.0,145252.0
20234,11440740,상암동,1245171.0,601314.0,643857.0,106587.0,252661.0,306420.0,246124.0,166157.0,167221.0,217235.0,241834.0,191608.0,181801.0,260835.0,151859.0,175593.0,188056.0,193555.0,196758.0,190634.0,158647.0,141927.0
20241,11440740,상암동,1277938.0,615271.0,662666.0,117701.0,254418.0,312810.0,250968.0,170082.0,171960.0,230657.0,249961.0,195445.0,185432.0,261390.0,155052.0,186173.0,197675.0,202949.0,200120.0,188711.0,157620.0,144691.0
20242,11440740,상암동,1208591.0,580386.0,628205.0,93417.0,241604.0,298767.0,244185.0,160629.0,169988.0,216325.0,236573.0,185350.0,175459.0,247191.0,147695.0,181038.0,192266.0,178025.0,187050.0,183414.0,151817.0,134979.0
20243,11440740,상암동,1092887.0,524952.0,567935.0,87921.0,219562.0,264805.0,222451.0,145735.0,152413.0,196466.0,207258.0,166017.0,158947.0,228218.0,135981.0,161034.0,164430.0,167599.0,169421.0,167814.0,139442.0,123148.0
20244,11440740,상암동,1188564.0,567644.0,620920.0,100479.0,230341.0,278934.0,237336.0,164016.0,177461.0,215796.0,227236.0,179811.0,169235.0,248677.0,147808.0,178592.0,177925.0,175536.0,180789.0,179893.0,156351.0,139478.0
20251,11440740,상암동,1161675.0,559941.0,601735.0,104245.0,221684.0,274954.0,226973.0,161263.0,172557.0,213367.0,222520.0,175503.0,165029.0,241737.0,143518.0,169902.0,174252.0,171852.0,181109.0,178667.0,150125.0,135768.0
20252,11440740,상암동,1200886.0,581491.0,619395.0,98288.0,228362.0,294969.0,241815.0,164788.0,172664.0,220513.0,232492.0,181598.0,172697.0,246812.0,146775.0,177740.0,179600.0,185156.0,186730.0,178800.0,154938.0,137923.0
20253,11440740,상암동,1294414.0,624572.0,669843.0,111399.0,242542.0,316514.0,263155.0,178310.0,182493.0,230824.0,255637.0,199620.0,189887.0,263250.0,155196.0,195434.0,201574.0,197268.0,201303.0,191711.0,159123.0,148001.0
20254,11440740,상암동,1237473.0,596208.0,641266.0,114470.0,212148.0,296952.0,246272.0,178878.0,188754.0,227726.0,237694.0,189937.0,175166.0,255390.0,151561.0,181757.0,187800.0,184128.0,183602.0,186442.0,165311.0,148434.0
20191,11440590,서강동,14829698.0,6781998.0,8047700.0,1676642.0,6169323.0,2137883.0,1524525.0,1382693.0,1938637.0,2845089.0,2636687.0,2070565.0,2227960.0,3177789.0,1871612.0,2030547.0,2026046.0,2082262.0,2136850.0,2196893.0,2277295.0,2079810.0
20192,11440590,서강동,14904432.0,6662795.0,8241636.0,1747922.0,6326503.0,2149092.0,1492968.0,1343586.0,1844364.0,2900479.0,2699806.0,2080400.0,2194002.0,3144721.0,1885024.0,2038390.0,2078950.0,2115635.0,2125706.0,2190105.0,2272060.0,2083589.0
20193,11440590,서강동,14203602.0,6454579.0,7749021.0,1589385.0,5953856.0,2143732.0,1463665.0,1289515.0,1763446.0,2743975.0,2543770.0,1987906.0,2122717.0,3015672.0,1789570.0,1987258.0,2030543.0,2041911.0,2004024.0,2033880.0,2120320.0,1985663.0
20194,11440590,서강동,15005268.0,6815011.0,8190255.0,1591499.0,6448358.0,2282188.0,1526149.0,1368893.0,1788180.0,2927192.0,2679615.0,2077548.0,2218177.0,3189756.0,1912977.0,2045837.0,2104976.0,2134417.0,2124129.0,2187597.0,2297265.0,2111045.0
20201,11440590,서강동,12883517.0,6020407.0,6863107.0,1284976.0,5332187.0,2065169.0,1367943.0,1242200.0,1591033.0,2519989.0,2326645.0,1793804.0,1932272.0,2709087.0,1601718.0,1818392.0,1850199.0,1847974.0,1851783.0,1863691.0,1883819.0,1767657.0
20202,11440590,서강동,12913490.0,5934646.0,6978842.0,1224477.0,5382126.0,2106628.0,1377168.0,1244637.0,1578454.0,2593072.0,2400198.0,1801194.0,1909206.0,2632726.0,1577094.0,1824816.0,1840461.0,1855800.0,1854443.0,1882857.0,1897017.0,1758094.0
20203,11440590,서강동,12300666.0,5589368.0,6711297.0,1128502.0,5033779.0,2071356.0,1360058.0,1196508.0,1510469.0,2505749.0,2302063.0,1711120.0,1804534.0,2479992.0,1497216.0,1726561.0,1764792.0,1751711.0,1760287.0,1795253.0,1820003.0,1682060.0
20204,11440590,서강동,11477644.0,5256145.0,6221499.0,991034.0,4703417.0,1958898.0,1297304.0,1102397.0,1424593.0,2353234.0,2178904.0,1599489.0,1676061.0,2286563.0,1383390.0,1631921.0,1661184.0,1659626.0,1617382.0,1639913.0,1683310.0,1584309.0
20211,11440590,서강동,11272999.0,5178123.0,6094878.0,1039795.0,4440966.0,1945170.0,1302760.0,1111813.0,1432497.0,2252294.0,2154363.0,1595514.0,1687824.0,2289329.0,1293676.0,1595079.0,1615708.0,1622544.0,1605299.0,1596929.0,1653323.0,1584120.0
20212,11440590,서강동,12281321.0,5602516.0,6678800.0,1230454.0,4884900.0,2079987.0,1390531.0,1192493.0,1502945.0,2436834.0,2358313.0,1744435.0,1813925.0,2498468.0,1429341.0,1725787.0,1752028.0,1759576.0,1759012.0,1785904.0,1798461.0,1700545.0
20213,11440590,서강동,12009818.0,5498799.0,6511020.0,1110293.0,4688815.0,2117024.0,1386031.0,1200060.0,1507589.0,2506822.0,2353450.0,1691414.0,1751704.0,2319319.0,1387105.0,1687248.0,1695092.0,1726570.0,1745681.0,1756334.0,1748611.0,1650280.0
20214,11440590,서강동,12587406.0,5774412.0,6812992.0,1180434.0,5097871.0,2153184.0,1430401.0,1224296.0,1501217.0,2632207.0,2423649.0,1745024.0,1809444.0,2471506.0,1505575.0,1756447.0,1779419.0,1790561.0,1793269.0,1819473.0,1872729.0,1775508.0
20221,11440590,서강동,12785856.0,5812870.0,6972987.0,1339918.0,5153976.0,2174564.0,1418045.0,1209551.0,1489801.0,2702654.0,2470788.0,1756024.0,1835695.0,2512683.0,1508022.0,1805629.0,1793790.0,1815158.0,1837295.0,1872132.0,1873904.0,1787938.0
20222,11440590,서강동,14179893.0,6417575.0,7762322.0,1625879.0,5936545.0,2318844.0,1493206.0,1263919.0,1541502.0,3004186.0,2714757.0,1924205.0,1981179.0,2793869.0,1761701.0,1981541.0,2013766.0,2026219.0,2019492.0,2062099.0,2101136.0,1975645.0
20223,11440590,서강동,13958122.0,6310686.0,7647432.0,1522600.0,5894324.0,2310842.0,1467877.0,1228921.0,1533555.0,2982415.0,2671535.0,1886058.0,1940638.0,2735748.0,1741726.0,1952235.0,1999890.0,2018220.0,2009883.0,2020824.0,2021002.0,1936063.0
20224,11440590,서강동,14409679.0,6461116.0,7948566.0,1474786.0,6340702.0,2330147.0,1488636.0,1250550.0,1524864.0,3098335.0,2736470.0,1938322.0,1990729.0,2829049.0,1816773.0,2000204.0,2042113.0,2053120.0,2060804.0,2097191.0,2134075.0,2022171.0
20231,11440590,서강동,14096724.0,6352273.0,7744454.0,1547266.0,5974669.0,2318140.0,1492201.0,1251710.0,1512738.0,2979531.0,2649514.0,1906290.0,1973883.0,2815196.0,1772314.0,1964115.0,2011252.0,2013300.0,2024527.0,2049886.0,2091232.0,1942406.0
20232,11440590,서강동,15243944.0,6779755.0,8464186.0,1732266.0,6711387.0,2433281.0,1544310.0,1275745.0,1546955.0,3242120.0,2891136.0,2059190.0,2110471.0,3018235.0,1922791.0,2132746.0,2169902.0,2186613.0,2196495.0,2213142.0,2238963.0,2106078.0
20233,11440590,서강동,14416022.0,6487181.0,7928843.0,1584111.0,6112577.0,2371848.0,1543206.0,1266577.0,1537697.0,3053492.0,2728048.0,1954091.0,2014732.0,2861303.0,1804357.0,2051143.0,2067082.0,2074939.0,2035468.0,2049129.0,2108759.0,2029505.0
20234,11440590,서강동,15377555.0,6773155.0,8604402.0,1579205.0,6754609.0,2460877.0,1629060.0,1349043.0,1604763.0,3293814.0,2908726.0,2074562.0,2135184.0,3031268.0,1934009.0,2133771.0,2183298.0,2199819.0,2202046.0,2243023.0,2285324.0,2130275.0
20241,11440590,서강동,14631843.0,6552906.0,8078938.0,1607883.0,6094202.0,2382083.0,1614637.0,1345599.0,1587445.0,3094062.0,2776650.0,1982268.0,2044539.0,2907866.0,1826465.0,2046586.0,2083083.0,2120886.0,2106829.0,2104174.0,2131720.0,2038565.0
20242,11440590,서강동,15243226.0,6775147.0,8468081.0,1751994.0,6632823.0,2408616.0,1620283.0,1328837.0,1500680.0,3191693.0,2904682.0,2078747.0,2129314.0,3015508.0,1923286.0,2138584.0,2186920.0,2200257.0,2194943.0,2230388.0,2213617.0,2078517.0
20243,11440590,서강동,14114163.0,6360203.0,7753953.0,1557628.0,5876796.0,2317765.0,1565949.0,1307500.0,1488525.0,2954673.0,2696219.0,1931783.0,1988448.0,2782387.0,1760653.0,1968828.0,1978110.0,2019748.0,2045516.0,2084701.0,2079805.0,1937461.0
20244,11440590,서강동,14934374.0,6649769.0,8284612.0,1564303.0,6495301.0,2372800.0,1635796.0,1339895.0,1526286.0,3174622.0,2851587.0,2029221.0,2075236.0,2926865.0,1876851.0,2086032.0,2121255.0,2144358.0,2144575.0,2176034.0,2193969.0,2068159.0
20251,11440590,서강동,14062414.0,6356424.0,7705990.0,1602951.0,5729905.0,2307432.0,1595596.0,1331063.0,1495470.0,2957045.0,2664014.0,1914484.0,1967224.0,2791616.0,1768028.0,1968208.0,1976619.0,1976007.0,2020821.0,2077888.0,2083282.0,1959583.0
20252,11440590,서강동,14948618.0,6633008.0,8315609.0,1778929.0,6393042.0,2341236.0,1602454.0,1338868.0,1494087.0,3173900.0,2861033.0,2037414.0,2065051.0,2922704.0,1888514.0,2087197.0,2132807.0,2161927.0,2171433.0,2180627.0,2166349.0,2048276.0
20253,11440590,서강동,14158215.0,6332807.0,7825412.0,1587783.0,5850621.0,2303656.0,1594708.0,1344888.0,1476567.0,2981345.0,2709616.0,1929653.0,1975242.0,2784916.0,1777451.0,1974774.0,2010944.0,2012661.0,2033083.0,2066383.0,2090615.0,1969765.0
20254,11440590,서강동,14739706.0,6457290.0,8282420.0,1557135.0,6355741.0,2349808.0,1623640.0,1350025.0,1503360.0,3220785.0,2820128.0,1967623.0,2008601.0,2856083.0,1866488.0,2031692.0,2073380.0,2120898.0,2133114.0,2150092.0,2175572.0,2054967.0
20191,11440600,서교동,19803000.0,9129681.0,10673318.0,2441533.0,6588251.0,3842764.0,2648093.0,1691772.0,2590585.0,3896504.0,3287542.0,2647191.0,3061750.0,4337535.0,2572476.0,2645111.0,2664810.0,2718837.0,2805599.0,2962157.0,3176509.0,2829970.0
20192,11440600,서교동,19249796.0,8824043.0,10425754.0,2203669.0,6538968.0,3848985.0,2589169.0,1638815.0,2430193.0,3813229.0,3242037.0,2593607.0,2914261.0,4164946.0,2521714.0,2575329.0,2614647.0,2672069.0,2718558.0,2863924.0,3064928.0,2740336.0
20193,11440600,서교동,19375045.0,8844246.0,10530797.0,2283892.0,6583797.0,3839503.0,2601759.0,1661923.0,2404177.0,3835478.0,3221572.0,2587039.0,2958655.0,4226536.0,2545765.0,2639462.0,2691049.0,2724722.0,2701441.0,2808798.0,3025982.0,2783596.0
20194,11440600,서교동,19975037.0,9062328.0,10912710.0,2309501.0,6915856.0,3944092.0,2677631.0,1699642.0,2428315.0,3872725.0,3277490.0,2698842.0,3088840.0,4409187.0,2627950.0,2644120.0,2720325.0,2794144.0,2794560.0,2959106.0,3225572.0,2837214.0
20201,11440600,서교동,17937687.0,8286728.0,9650960.0,1947840.0,5871491.0,3657634.0,2524841.0,1615214.0,2320668.0,3552594.0,3052449.0,2424352.0,2772020.0,3847732.0,2288545.0,2478298.0,2516629.0,2546862.0,2571522.0,2635751.0,2693264.0,2495357.0
20202,11440600,서교동,17128838.0,7938611.0,9190226.0,1631190.0,5515090.0,3667722.0,2490666.0,1592345.0,2231833.0,3439273.0,3041642.0,2341728.0,2607687.0,3564429.0,2134084.0,2394667.0,2424157.0,2436615.0,2450803.0,2518947.0,2558474.0,2345168.0
20203,11440600,서교동,17229088.0,7949879.0,9279212.0,1672554.0,5553973.0,3660666.0,2505147.0,1616331.0,2220416.0,3507827.0,3086076.0,2352149.0,2607870.0,3545264.0,2129909.0,2392834.0,2445664.0,2440107.0,2466466.0,2548395.0,2581127.0,2354500.0
20204,11440600,서교동,16624654.0,7702618.0,8922035.0,1579974.0,5229846.0,3582574.0,2465131.0,1584087.0,2183038.0,3431221.0,3026851.0,2275511.0,2496487.0,3373421.0,2021164.0,2328359.0,2363096.0,2382886.0,2344424.0,2423621.0,2484446.0,2297816.0
20211,11440600,서교동,16078819.0,7436564.0,8642253.0,1570961.0,4892324.0,3489265.0,2424484.0,1555804.0,2145983.0,3171793.0,2924040.0,2258778.0,2538893.0,3391320.0,1794003.0,2258156.0,2292503.0,2315806.0,2292313.0,2305503.0,2377675.0,2236872.0
20212,11440600,서교동,16989492.0,7843415.0,9146074.0,1642474.0,5392101.0,3694117.0,2520605.0,1627199.0,2112993.0,3263396.0,3021180.0,2371985.0,2673587.0,3699431.0,1959911.0,2352704.0,2385767.0,2424877.0,2417742.0,2496882.0,2557109.0,2354413.0
20213,11440600,서교동,16112069.0,7478731.0,8633341.0,1549283.0,4882472.0,3515695.0,2468317.0,1617409.0,2078901.0,3171027.0,2947108.0,2309569.0,2575400.0,3315906.0,1793063.0,2250909.0,2260539.0,2312627.0,2344440.0,2373924.0,2362213.0,2207431.0
20214,11440600,서교동,17356063.0,7998332.0,9357734.0,1689931.0,5661318.0,3754818.0,2535336.0,1655578.0,2059089.0,3418400.0,3051532.0,2401777.0,2710841.0,3704513.0,2068999.0,2373935.0,2398467.0,2437741.0,2462257.0,2546244.0,2677147.0,2460286.0
20221,11440600,서교동,16902652.0,7786087.0,9116569.0,1800467.0,5332426.0,3643025.0,2489759.0,1625444.0,2011534.0,3237979.0,2996623.0,2374449.0,2726533.0,3670785.0,1896284.0,2331393.0,2343996.0,2379962.0,2417257.0,2484903.0,2559855.0,2385293.0
20222,11440600,서교동,18669102.0,8572712.0,10096392.0,1989391.0,6350421.0,3966650.0,2622506.0,1717591.0,2022552.0,3695874.0,3171877.0,2539885.0,2871948.0,4012988.0,2376528.0,2518338.0,2551518.0,2586496.0,2619569.0,2754641.0,2973143.0,2665392.0
20223,11440600,서교동,18186626.0,8309295.0,9877330.0,1974526.0,6190009.0,3842627.0,2562025.0,1677306.0,1940134.0,3610510.0,3067848.0,2484410.0,2826226.0,3900806.0,2296827.0,2475826.0,2505174.0,2547758.0,2575760.0,2665569.0,2813943.0,2602595.0
20224,11440600,서교동,18335439.0,8371909.0,9963528.0,1874470.0,6297204.0,3905418.0,2595686.0,1699993.0,1962667.0,3641020.0,3111142.0,2503425.0,2827855.0,3925611.0,2326386.0,2460775.0,2492996.0,2532366.0,2559428.0,2711037.0,2915187.0,2663650.0
20231,11440600,서교동,18603450.0,8446324.0,10157134.0,2089329.0,6295021.0,3909303.0,2615145.0,1720702.0,1973959.0,3641058.0,3107693.0,2551368.0,2922158.0,4041461.0,2339723.0,2506673.0,2552233.0,2591518.0,2608655.0,2734843.0,2965911.0,2643624.0
20232,11440600,서교동,18323653.0,8332795.0,9990850.0,1897555.0,6343433.0,3887810.0,2591334.0,1698882.0,1904638.0,3628615.0,3087585.0,2512609.0,2829995.0,3941717.0,2323128.0,2480083.0,2500169.0,2532984.0,2569868.0,2708643.0,2908305.0,2623602.0
20233,11440600,서교동,18052181.0,8180991.0,9871192.0,1911323.0,6225330.0,3821149.0,2556132.0,1658562.0,1879682.0,3511881.0,3001664.0,2494725.0,2847116.0,3925926.0,2270869.0,2479094.0,2486454.0,2519030.0,2498223.0,2613184.0,2839830.0,2616363.0
20234,11440600,서교동,18724827.0,8494772.0,10230056.0,1977006.0,6492052.0,3919307.0,2655980.0,1736819.0,1943663.0,3637179.0,3106444.0,2581422.0,2955413.0,4081414.0,2362957.0,2545852.0,2530688.0,2564807.0,2588657.0,2749924.0,3005432.0,2739472.0
20241,11440600,서교동,18729304.0,8490066.0,10239232.0,2143943.0,6320549.0,3884580.0,2691511.0,1733499.0,1955220.0,3620037.0,3083343.0,2594380.0,3010999.0,4097089.0,2323458.0,2546295.0,2529602.0,2604369.0,2592410.0,2745329.0,2975517.0,2735790.0
20242,11440600,서교동,18433478.0,8331223.0,10102258.0,1934965.0,6350200.0,3865355.0,2672341.0,1709799.0,1900825.0,3595494.0,3071232.0,2561454.0,2899919.0,3990819.0,2314555.0,2475154.0,2520875.0,2561038.0,2579472.0,2721760.0,2937830.0,2637351.0
20243,11440600,서교동,17860703.0,8044716.0,9815989.0,1949768.0,6117405.0,3717766.0,2584048.0,1670608.0,1821111.0,3365212.0,2928380.0,2526691.0,2909102.0,3926958.0,2204361.0,2407099.0,2400119.0,2483014.0,2520695.0,2647408.0,2841953.0,2560415.0
20244,11440600,서교동,18170679.0,8169624.0,10001049.0,1922955.0,6338477.0,3786537.0,2602554.0,1700539.0,1819615.0,3410536.0,2979683.0,2560178.0,2946612.0,4013118.0,2260551.0,2408372.0,2459068.0,2543801.0,2540370.0,2678472.0,2916431.0,2624155.0
20251,11440600,서교동,17934826.0,8084122.0,9850705.0,2077597.0,6067585.0,3700419.0,2585228.0,1685142.0,1818843.0,3330029.0,2902135.0,2528404.0,2968813.0,4006001.0,2199448.0,2420043.0,2391794.0,2429902.0,2494120.0,2659488.0,2918992.0,2620480.0
20252,11440600,서교동,17944763.0,8067597.0,9877166.0,1973703.0,6118120.0,3711893.0,2630607.0,1717166.0,1793278.0,3405120.0,2976415.0,2532207.0,2900113.0,3921620.0,2209287.0,2431027.0,2434651.0,2466114.0,2504314.0,2650506.0,2849557.0,2608600.0
20253,11440600,서교동,17868516.0,8017518.0,9850991.0,2039329.0,6009479.0,3660357.0,2654809.0,1721804.0,1782743.0,3332676.0,2938876.0,2545816.0,2942610.0,3934340.0,2174203.0,2402858.0,2425359.0,2449792.0,2502750.0,2627922.0,2858733.0,2601106.0
20254,11440600,서교동,17982805.0,8079262.0,9903547.0,2012745.0,6110320.0,3635240.0,2652870.0,1751712.0,1819926.0,3395837.0,2942867.0,2530300.0,2929096.0,3961648.0,2223057.0,2342736.0,2402106.0,2503819.0,2551519.0,2667409.0,2903022.0,2612194.0
20191,11440710,성산1동,2150309.0,1012049.0,1138260.0,265526.0,392311.0,387013.0,313422.0,309120.0,482923.0,589031.0,429023.0,243161.0,241663.0,353221.0,294211.0,301976.0,304759.0,305571.0,303610.0,307199.0,315821.0,311371.0
20192,11440710,성산1동,2105801.0,993110.0,1112692.0,257378.0,379553.0,389067.0,309974.0,296298.0,473535.0,580778.0,419665.0,237676.0,236278.0,341377.0,290025.0,297508.0,297547.0,300414.0,299676.0,304544.0,303326.0,302791.0
20193,11440710,성산1동,1981552.0,936343.0,1045210.0,225346.0,368133.0,379319.0,293132.0,286998.0,428624.0,543452.0,394377.0,224326.0,225836.0,322603.0,270958.0,281732.0,283952.0,282490.0,281344.0,283126.0,284095.0,284811.0
20194,11440710,성산1동,2015459.0,939835.0,1075623.0,226942.0,359089.0,389414.0,297986.0,302501.0,439525.0,574678.0,403723.0,222629.0,223903.0,314559.0,275967.0,287171.0,288420.0,288464.0,285185.0,285935.0,289054.0,291228.0
20201,11440710,성산1동,1881491.0,882060.0,999427.0,211535.0,337249.0,370741.0,281950.0,281926.0,398089.0,531871.0,380187.0,210602.0,212573.0,295856.0,250401.0,266347.0,266542.0,269700.0,266579.0,268696.0,270929.0,272694.0
20202,11440710,성산1동,1847538.0,863365.0,984174.0,214517.0,338293.0,369166.0,280304.0,262247.0,383011.0,518965.0,370639.0,208213.0,211908.0,292307.0,245504.0,262305.0,264220.0,265017.0,262563.0,263675.0,265155.0,264604.0
20203,11440710,성산1동,1798364.0,832586.0,965778.0,197881.0,329042.0,359980.0,272889.0,252912.0,385657.0,508249.0,359512.0,202427.0,205196.0,284518.0,238463.0,255157.0,256185.0,257125.0,257547.0,257865.0,257411.0,257078.0
20204,11440710,성산1동,1824114.0,843652.0,980461.0,205394.0,327044.0,367741.0,274596.0,255350.0,393988.0,518822.0,368047.0,206978.0,205503.0,284172.0,240590.0,258815.0,260245.0,262122.0,260646.0,260623.0,258649.0,263012.0
20211,11440710,성산1동,1792824.0,830739.0,962082.0,200171.0,320971.0,363819.0,268598.0,251390.0,387876.0,508384.0,363567.0,205116.0,205471.0,280434.0,229850.0,254997.0,255264.0,255775.0,256054.0,256332.0,255650.0,258750.0
20212,11440710,성산1동,1825041.0,845189.0,979853.0,217652.0,334944.0,366744.0,276202.0,247185.0,382315.0,521412.0,368315.0,207871.0,208891.0,285768.0,232785.0,258300.0,260757.0,261846.0,261944.0,261800.0,258966.0,261430.0
20213,11440710,성산1동,2115569.0,972858.0,1142710.0,231712.0,380349.0,423320.0,319828.0,295972.0,464389.0,601043.0,432744.0,242389.0,241024.0,328174.0,270194.0,298955.0,303045.0,302682.0,302026.0,303462.0,304611.0,300793.0
20214,11440710,성산1동,2353304.0,1071177.0,1282130.0,257731.0,427125.0,466860.0,353900.0,330155.0,517533.0,674162.0,481552.0,267189.0,261215.0,362327.0,306860.0,334576.0,335930.0,335393.0,334782.0,335312.0,338232.0,339077.0
20221,11440710,성산1동,2348626.0,1081338.0,1267287.0,263941.0,423596.0,465476.0,353957.0,333641.0,508014.0,661344.0,479521.0,269721.0,269170.0,366495.0,302376.0,332970.0,334171.0,337165.0,337082.0,335592.0,333916.0,337733.0
20222,11440710,성산1동,2488315.0,1158529.0,1329787.0,296349.0,456060.0,483908.0,376318.0,352316.0,523363.0,692687.0,498011.0,284906.0,285306.0,397986.0,329422.0,353267.0,356788.0,358715.0,354908.0,357410.0,353065.0,354162.0
20223,11440710,성산1동,2406776.0,1126707.0,1280072.0,278331.0,433164.0,467657.0,361653.0,346190.0,519783.0,670100.0,480211.0,273504.0,274395.0,389029.0,319535.0,343112.0,343447.0,343556.0,344547.0,347036.0,343571.0,341512.0
20224,11440710,성산1동,2387630.0,1108572.0,1279060.0,269290.0,424108.0,467883.0,357421.0,350946.0,517981.0,673049.0,486008.0,269209.0,266822.0,377761.0,314782.0,340506.0,338440.0,339395.0,339951.0,342472.0,343718.0,343149.0
20231,11440710,성산1동,2354329.0,1101884.0,1252444.0,256232.0,419720.0,458750.0,350465.0,348444.0,520721.0,647699.0,477467.0,268880.0,268773.0,380025.0,311485.0,332493.0,334125.0,335987.0,334051.0,338379.0,340935.0,338360.0
20232,11440710,성산1동,2362902.0,1096502.0,1266398.0,259785.0,419070.0,459064.0,355982.0,345979.0,523026.0,626425.0,471301.0,277424.0,278676.0,392288.0,316789.0,335110.0,338098.0,339381.0,338544.0,341655.0,336930.0,333188.0
20233,11440710,성산1동,2330040.0,1067287.0,1262752.0,242908.0,409512.0,455705.0,353857.0,341960.0,526100.0,607246.0,466131.0,276079.0,277906.0,392360.0,310320.0,332117.0,332464.0,332349.0,332344.0,335405.0,332037.0,333320.0
20234,11440710,성산1동,2153819.0,996716.0,1157104.0,214631.0,376693.0,427755.0,333709.0,318973.0,482063.0,566820.0,430109.0,253554.0,256451.0,362216.0,284671.0,305873.0,304963.0,304596.0,306054.0,309639.0,313382.0,309312.0
20241,11440710,성산1동,2159194.0,1007110.0,1152083.0,218063.0,381734.0,415681.0,338355.0,321588.0,483771.0,570326.0,435033.0,255089.0,258268.0,359972.0,280506.0,307351.0,305375.0,308434.0,308986.0,308953.0,310172.0,309923.0
20242,11440710,성산1동,2142901.0,1003171.0,1139730.0,240011.0,367085.0,409047.0,343766.0,317049.0,465941.0,573423.0,433369.0,252070.0,252599.0,350719.0,280724.0,303916.0,304233.0,306824.0,303824.0,308596.0,308329.0,307177.0
20243,11440710,성산1동,2189923.0,1029368.0,1160554.0,236068.0,375426.0,425298.0,349669.0,324424.0,479040.0,586277.0,441596.0,257305.0,258196.0,361403.0,285146.0,308347.0,310290.0,313883.0,313405.0,315275.0,315355.0,313369.0
20244,11440710,성산1동,2204289.0,1039357.0,1164932.0,243773.0,377724.0,426011.0,352215.0,326990.0,477577.0,594598.0,442021.0,256386.0,256892.0,363202.0,291190.0,309884.0,311479.0,313969.0,313636.0,318292.0,319870.0,317160.0
20251,11440710,성산1동,2111048.0,1005499.0,1105548.0,241697.0,368075.0,409368.0,333318.0,316822.0,441765.0,564941.0,421346.0,246340.0,248793.0,350440.0,279187.0,298376.0,298728.0,301423.0,301729.0,303999.0,307064.0,299726.0
20252,11440710,성산1동,2118575.0,1013424.0,1105151.0,259532.0,360952.0,414389.0,334825.0,317001.0,431876.0,582713.0,422624.0,242133.0,239086.0,344701.0,287319.0,300703.0,302351.0,301289.0,302445.0,306994.0,302839.0,301958.0
20253,11440710,성산1동,2076540.0,997804.0,1078733.0,254914.0,354899.0,411720.0,323069.0,312798.0,419139.0,559092.0,419450.0,240306.0,240074.0,342440.0,275180.0,292389.0,295059.0,296511.0,296877.0,298445.0,298767.0,298494.0
20254,11440710,성산1동,1905930.0,915237.0,990694.0,227233.0,313592.0,369142.0,304820.0,297385.0,393757.0,517274.0,384999.0,218538.0,217718.0,311893.0,255507.0,268131.0,269113.0,272433.0,273599.0,274004.0,275764.0,272887.0
20191,11440720,성산2동,22922.6,10103.3,12819.3,,,,,,,,,,,,,,,,,,,
20192,11440720,성산2동,22869.9,9988.6,12881.3,,,,,,,,,,,,,,,,,,,
20193,11440720,성산2동,23891.2,10496.4,13394.8,,,,,,,,,,,,,,,,,,,
20194,11440720,성산2동,23416.0,10291.5,13124.6,,,,,,,,,,,,,,,,,,,
20201,11440720,성산2동,24189.2,10723.7,13465.6,,,,,,,,,,,,,,,,,,,
20202,11440720,성산2동,24220.5,10747.9,13472.6,,,,,,,,,,,,,,,,,,,
20203,11440720,성산2동,23993.2,10676.4,13316.8,,,,,,,,,,,,,,,,,,,
20204,11440720,성산2동,23415.4,10468.4,12947.0,,,,,,,,,,,,,,,,,,,
20211,11440720,성산2동,23261.9,10537.9,12724.1,,,,,,,,,,,,,,,,,,,
20212,11440720,성산2동,22774.1,10375.7,12398.4,,,,,,,,,,,,,,,,,,,
20213,11440720,성산2동,22134.5,10172.0,11962.5,,,,,,,,,,,,,,,,,,,
20214,11440720,성산2동,22394.3,10202.3,12192.1,,,,,,,,,,,,,,,,,,,
20221,11440720,성산2동,22694.4,10341.6,12352.7,,,,,,,,,,,,,,,,,,,
20222,11440720,성산2동,22580.8,10171.8,12408.9,,,,,,,,,,,,,,,,,,,
20223,11440720,성산2동,22461.9,10078.2,12383.6,,,,,,,,,,,,,,,,,,,
20224,11440720,성산2동,22330.8,10000.1,12330.7,,,,,,,,,,,,,,,,,,,
20231,11440720,성산2동,22450.7,10024.3,12426.4,,,,,,,,,,,,,,,,,,,
20232,11440720,성산2동,22479.9,9955.3,12524.6,,,,,,,,,,,,,,,,,,,
20233,11440720,성산2동,22303.2,9870.1,12433.0,,,,,,,,,,,,,,,,,,,
20234,11440720,성산2동,21966.5,9721.0,12245.5,,,,,,,,,,,,,,,,,,,
20241,11440720,성산2동,21352.3,9385.8,11966.5,,,,,,,,,,,,,,,,,,,
20242,11440720,성산2동,21166.4,9212.0,11954.4,,,,,,,,,,,,,,,,,,,
20243,11440720,성산2동,20596.0,8912.8,11683.2,,,,,,,,,,,,,,,,,,,
20244,11440720,성산2동,20714.9,9038.0,11676.9,,,,,,,,,,,,,,,,,,,
20251,11440720,성산2동,20891.7,9172.3,11719.5,,,,,,,,,,,,,,,,,,,
20252,11440720,성산2동,20998.4,9241.6,11756.8,,,,,,,,,,,,,,,,,,,
20253,11440720,성산2동,21337.1,9378.0,11959.1,,,,,,,,,,,,,,,,,,,
20254,11440720,성산2동,21270.5,9309.4,11961.1,,,,,,,,,,,,,,,,,,,
20191,11440580,신수동,785927.0,348009.0,437920.0,133247.0,88937.0,122974.0,137101.0,107491.0,196179.0,221036.0,167543.0,88469.0,86101.0,121186.0,101593.0,110333.0,111456.0,110699.0,108276.0,108369.0,115359.0,121436.0
20192,11440580,신수동,757674.0,336247.0,421426.0,137430.0,85145.0,115348.0,127506.0,102812.0,189434.0,217683.0,160619.0,84320.0,82326.0,114930.0,97796.0,108630.0,105779.0,106383.0,107163.0,105779.0,110966.0,112974.0
20193,11440580,신수동,705809.0,315915.0,389894.0,123420.0,82840.0,105741.0,120074.0,98474.0,175261.0,198640.0,150317.0,79958.0,78369.0,108510.0,90016.0,99649.0,99968.0,98791.0,100113.0,98159.0,101605.0,107524.0
20194,11440580,신수동,684959.0,310438.0,374522.0,120231.0,80785.0,104298.0,116615.0,94428.0,168598.0,185749.0,146698.0,80587.0,78993.0,108035.0,84899.0,97266.0,96171.0,97508.0,96731.0,94851.0,97883.0,104552.0
20201,11440580,신수동,681473.0,313252.0,368223.0,120225.0,84373.0,102639.0,118116.0,94851.0,161270.0,174710.0,143436.0,83951.0,85124.0,112264.0,81990.0,95992.0,94992.0,95126.0,95385.0,95022.0,99847.0,105113.0
20202,11440580,신수동,685882.0,320118.0,365766.0,127802.0,88093.0,105918.0,119399.0,95957.0,148713.0,174236.0,144164.0,84631.0,86455.0,113439.0,82955.0,97614.0,96770.0,96318.0,95878.0,95374.0,99708.0,104219.0
20203,11440580,신수동,667541.0,311997.0,355545.0,121044.0,88205.0,104392.0,113064.0,96639.0,144195.0,168762.0,139482.0,82390.0,85159.0,111316.0,80433.0,94215.0,92919.0,93876.0,94247.0,92775.0,97799.0,101712.0
20204,11440580,신수동,673246.0,316888.0,356359.0,115707.0,91874.0,107218.0,116685.0,98932.0,142830.0,171345.0,140565.0,82604.0,84046.0,112392.0,82296.0,95315.0,93945.0,95403.0,93727.0,93334.0,98515.0,103005.0
20211,11440580,신수동,685212.0,324616.0,360595.0,115550.0,94720.0,112079.0,119290.0,102656.0,140916.0,185094.0,144157.0,80874.0,81062.0,109562.0,84464.0,96818.0,96196.0,96166.0,96131.0,95606.0,100188.0,104107.0
20212,11440580,신수동,644708.0,303069.0,341642.0,105692.0,89008.0,103690.0,111139.0,98214.0,136966.0,176002.0,135677.0,75547.0,75874.0,101844.0,79764.0,90862.0,90980.0,91382.0,89931.0,90795.0,93967.0,96795.0
20213,11440580,신수동,605919.0,289034.0,316885.0,97351.0,83698.0,100288.0,108076.0,93473.0,123033.0,162005.0,127527.0,71684.0,72079.0,96950.0,75676.0,85351.0,83912.0,85285.0,86192.0,85865.0,87748.0,91566.0
20214,11440580,신수동,570260.0,266677.0,303584.0,92338.0,76764.0,95516.0,102142.0,87146.0,116356.0,151238.0,121677.0,67622.0,67566.0,90982.0,71171.0,81324.0,80823.0,81062.0,80339.0,79728.0,81782.0,85201.0
20221,11440580,신수동,584356.0,272779.0,311576.0,93816.0,79027.0,93009.0,105891.0,89775.0,122838.0,152908.0,124485.0,69707.0,69746.0,94308.0,73199.0,82437.0,82301.0,83263.0,82320.0,81879.0,84805.0,87350.0
20222,11440580,신수동,570625.0,262232.0,308392.0,92833.0,76617.0,86721.0,103968.0,88699.0,121789.0,152609.0,123483.0,68209.0,66634.0,89298.0,70391.0,82257.0,81242.0,81861.0,80547.0,79812.0,80353.0,84550.0
20223,11440580,신수동,555306.0,257176.0,298129.0,89631.0,76200.0,85281.0,99624.0,86499.0,118068.0,148662.0,119775.0,65942.0,65021.0,87447.0,68461.0,79857.0,79635.0,78648.0,78682.0,77704.0,78516.0,82266.0
20224,11440580,신수동,549053.0,253105.0,295947.0,90514.0,73304.0,85394.0,97881.0,84720.0,117242.0,146376.0,117701.0,65208.0,64366.0,87107.0,68297.0,79318.0,77610.0,77421.0,77714.0,76189.0,78416.0,82387.0
20231,11440580,신수동,541317.0,248564.0,292753.0,86622.0,70959.0,82749.0,98919.0,83296.0,118771.0,140115.0,116776.0,65060.0,64211.0,87829.0,67327.0,76470.0,76073.0,76658.0,76579.0,76158.0,77850.0,81530.0
20232,11440580,신수동,531377.0,243277.0,288101.0,86353.0,68791.0,82531.0,97944.0,78850.0,116910.0,136843.0,114385.0,64767.0,63277.0,86324.0,65782.0,75771.0,75555.0,74883.0,75049.0,74845.0,75774.0,79502.0
20233,11440580,신수동,535466.0,245018.0,290445.0,87631.0,67279.0,82505.0,99587.0,79720.0,118742.0,134079.0,114082.0,66116.0,65883.0,89217.0,66091.0,76371.0,76114.0,75299.0,75322.0,75054.0,76364.0,80941.0
20234,11440580,신수동,566387.0,262035.0,304351.0,94307.0,68683.0,87260.0,105437.0,85179.0,125522.0,143015.0,121275.0,68881.0,68440.0,93919.0,70855.0,81205.0,79525.0,79695.0,79450.0,79272.0,82025.0,85213.0
20241,11440580,신수동,593242.0,273173.0,320068.0,94634.0,75057.0,89521.0,112215.0,91540.0,130276.0,152256.0,127090.0,71025.0,70720.0,98279.0,73871.0,85131.0,82673.0,81891.0,85546.0,82168.0,86195.0,89638.0
20242,11440580,신수동,533622.0,244264.0,289359.0,88884.0,67470.0,80846.0,96277.0,82118.0,118028.0,136293.0,113718.0,63789.0,64479.0,88451.0,66893.0,75857.0,74775.0,74738.0,75099.0,75121.0,77131.0,80899.0
20243,11440580,신수동,542372.0,247833.0,294539.0,85653.0,69028.0,84287.0,95963.0,85051.0,122391.0,137376.0,114549.0,65343.0,66576.0,90519.0,68010.0,76573.0,76422.0,77098.0,76714.0,75320.0,78034.0,82213.0
20244,11440580,신수동,538589.0,247876.0,290714.0,90986.0,68735.0,83191.0,95894.0,82449.0,117335.0,136270.0,115370.0,65440.0,65236.0,88945.0,67327.0,75722.0,75946.0,76063.0,75885.0,74976.0,78062.0,81934.0
20251,11440580,신수동,547909.0,254551.0,293356.0,90536.0,73980.0,85637.0,93513.0,84092.0,120151.0,139283.0,117585.0,66569.0,66409.0,90089.0,67972.0,77162.0,76542.0,77124.0,77705.0,75995.0,79670.0,83712.0
20252,11440580,신수동,532774.0,245699.0,287073.0,93293.0,72728.0,81751.0,89105.0,80526.0,115372.0,136161.0,115148.0,65574.0,64672.0,85837.0,65378.0,75789.0,75682.0,74944.0,74826.0,74728.0,76986.0,79818.0
20253,11440580,신수동,515783.0,236120.0,279664.0,88144.0,71506.0,76898.0,87474.0,79902.0,111861.0,131868.0,110584.0,62246.0,63238.0,84269.0,63579.0,71790.0,72856.0,72182.0,72580.0,72065.0,75646.0,78665.0
20254,11440580,신수동,525030.0,244599.0,280431.0,93522.0,68624.0,77571.0,88903.0,82830.0,113581.0,131919.0,114130.0,64110.0,64344.0,86547.0,63978.0,74116.0,73893.0,73087.0,74139.0,72926.0,77055.0,79818.0
20191,11440520,아현동,4061256.0,1900234.0,2161022.0,470322.0,606442.0,772867.0,716251.0,621782.0,873590.0,826696.0,855045.0,606564.0,629314.0,711512.0,432128.0,612299.0,611266.0,614576.0,626786.0,604057.0,506100.0,486176.0
20192,11440520,아현동,4315035.0,2012346.0,2302689.0,523867.0,644218.0,838410.0,761557.0,634386.0,912599.0,890110.0,913583.0,640761.0,666530.0,749173.0,454878.0,634245.0,663883.0,660898.0,654796.0,654490.0,533864.0,512858.0
20193,11440520,아현동,4640954.0,2155874.0,2485084.0,553474.0,692183.0,891441.0,829244.0,689560.0,985055.0,943188.0,970146.0,689221.0,720838.0,816619.0,500942.0,704514.0,714676.0,714243.0,690696.0,685152.0,568561.0,563116.0
20194,11440520,아현동,4555944.0,2129895.0,2426051.0,539203.0,689750.0,890824.0,818983.0,670943.0,946242.0,882758.0,949456.0,692225.0,729523.0,818276.0,483706.0,692688.0,704150.0,678672.0,682206.0,683636.0,562706.0,551887.0
20201,11440520,아현동,4623704.0,2215685.0,2408018.0,478577.0,709208.0,955322.0,872388.0,700803.0,907404.0,838657.0,973457.0,735892.0,771428.0,834852.0,469416.0,700150.0,725956.0,708566.0,715672.0,692195.0,546848.0,534319.0
20202,11440520,아현동,4376302.0,2096681.0,2279621.0,490198.0,663838.0,880372.0,817598.0,661380.0,862923.0,817354.0,927611.0,676320.0,707429.0,785407.0,462182.0,668069.0,668261.0,672459.0,670225.0,658625.0,527335.0,511324.0
20203,11440520,아현동,4187773.0,2015539.0,2172235.0,484704.0,615348.0,836709.0,768398.0,647391.0,835218.0,827822.0,891146.0,624244.0,653052.0,737408.0,454106.0,629678.0,644520.0,633549.0,643127.0,628512.0,514283.0,494103.0
20204,11440520,아현동,4242385.0,2047970.0,2194415.0,510248.0,608968.0,852012.0,774509.0,657028.0,839620.0,849544.0,903464.0,627790.0,654616.0,744545.0,462430.0,653313.0,654901.0,655047.0,633432.0,610154.0,523735.0,511801.0
20211,11440520,아현동,4442430.0,2125084.0,2317345.0,554525.0,619261.0,864492.0,814974.0,693625.0,895551.0,938127.0,937837.0,640221.0,660549.0,767724.0,497975.0,668029.0,684205.0,679452.0,668906.0,648086.0,552735.0,541015.0
20212,11440520,아현동,4510885.0,2164456.0,2346425.0,617374.0,623412.0,864580.0,833509.0,691720.0,880287.0,944845.0,969895.0,657420.0,676735.0,765754.0,496236.0,686827.0,693148.0,668793.0,691218.0,678033.0,552585.0,540278.0
20213,11440520,아현동,3779250.0,1811049.0,1968204.0,449786.0,528851.0,733313.0,714191.0,609155.0,743952.0,764313.0,812837.0,558075.0,575884.0,651054.0,417086.0,562840.0,579155.0,576084.0,585563.0,573111.0,458739.0,443759.0
20214,11440520,아현동,3693348.0,1778403.0,1914944.0,428333.0,526839.0,728570.0,714203.0,591309.0,704093.0,717834.0,803130.0,561307.0,579003.0,635992.0,396080.0,549678.0,578766.0,579373.0,573997.0,557266.0,433571.0,420695.0
20221,11440520,아현동,3654838.0,1763092.0,1891747.0,437742.0,516535.0,702531.0,705472.0,586414.0,706141.0,720823.0,780833.0,549892.0,569978.0,635321.0,397989.0,554803.0,549643.0,553892.0,569858.0,560475.0,440057.0,426104.0
20222,11440520,아현동,3795605.0,1840990.0,1954617.0,495161.0,525686.0,726820.0,733929.0,601592.0,712421.0,729691.0,835625.0,584670.0,607318.0,642584.0,395717.0,578547.0,599609.0,588594.0,583280.0,577506.0,439623.0,428449.0
20223,11440520,아현동,3770461.0,1824306.0,1946154.0,470943.0,546344.0,738630.0,728486.0,595941.0,690121.0,712139.0,831737.0,588020.0,611662.0,638575.0,388321.0,566138.0,591491.0,600516.0,592628.0,566219.0,431405.0,422071.0
20224,11440520,아현동,3863067.0,1874515.0,1988553.0,485663.0,557225.0,753220.0,752637.0,605026.0,709301.0,726285.0,849022.0,607142.0,631817.0,653156.0,395649.0,574985.0,607631.0,607221.0,603631.0,587754.0,446837.0,435009.0
20231,11440520,아현동,3865996.0,1878860.0,1987133.0,468615.0,555585.0,765404.0,769202.0,607230.0,699955.0,723633.0,849115.0,607882.0,637975.0,655563.0,391823.0,591565.0,596694.0,599283.0,610979.0,592231.0,443865.0,431376.0
20232,11440520,아현동,3804467.0,1845711.0,1958755.0,489296.0,542912.0,754454.0,745735.0,585979.0,686091.0,717381.0,851082.0,598181.0,624244.0,631143.0,382435.0,572505.0,594140.0,609546.0,606497.0,571827.0,430954.0,418999.0
20233,11440520,아현동,3892574.0,1892081.0,2000492.0,466597.0,559519.0,784958.0,769369.0,607563.0,704564.0,720667.0,868591.0,622299.0,646550.0,645176.0,389292.0,612706.0,610482.0,620436.0,600546.0,582857.0,435865.0,429682.0
20234,11440520,아현동,4021700.0,1942653.0,2079047.0,506590.0,565098.0,799930.0,792336.0,629620.0,728123.0,739151.0,893568.0,638491.0,662938.0,677002.0,410550.0,593709.0,627584.0,641508.0,639655.0,616450.0,459939.0,442856.0
20241,11440520,아현동,3590051.0,1733929.0,1856122.0,411862.0,498625.0,752300.0,745055.0,575223.0,606988.0,621758.0,794415.0,593186.0,627998.0,604980.0,347719.0,548989.0,571942.0,591136.0,564297.0,542336.0,390955.0,380399.0
20242,11440520,아현동,3556524.0,1690642.0,1865879.0,410956.0,495404.0,727007.0,735012.0,578024.0,610115.0,671918.0,825233.0,571529.0,599344.0,557344.0,331155.0,554273.0,576568.0,539157.0,561301.0,548653.0,393032.0,383539.0
20243,11440520,아현동,3772035.0,1798618.0,1973416.0,463820.0,498532.0,737151.0,780827.0,627946.0,663759.0,716098.0,858169.0,606719.0,630820.0,601854.0,358376.0,578127.0,590525.0,594392.0,593605.0,580611.0,423163.0,411616.0
20244,11440520,아현동,3986499.0,1885533.0,2100968.0,495507.0,506413.0,760230.0,827837.0,673008.0,723505.0,783878.0,909456.0,626080.0,646163.0,629043.0,391880.0,624884.0,623043.0,612050.0,618318.0,610675.0,454210.0,443323.0
20251,11440520,아현동,4007273.0,1894392.0,2112880.0,470868.0,510100.0,761569.0,835367.0,692024.0,737343.0,774587.0,916829.0,633565.0,659054.0,634523.0,388717.0,607979.0,627749.0,618175.0,633408.0,621706.0,455205.0,443049.0
20252,11440520,아현동,3841006.0,1794106.0,2046901.0,463142.0,500000.0,728088.0,792826.0,653509.0,703440.0,731401.0,879047.0,610681.0,634159.0,609173.0,376543.0,589838.0,586722.0,615373.0,608692.0,579237.0,438227.0,422916.0
20253,11440520,아현동,3899423.0,1822992.0,2076431.0,454115.0,518386.0,752364.0,811577.0,670805.0,692175.0,722195.0,890638.0,634598.0,657252.0,618653.0,376082.0,611924.0,617743.0,620572.0,615513.0,584486.0,431076.0,418110.0
20254,11440520,아현동,3698925.0,1712244.0,1986681.0,467489.0,511202.0,707762.0,745116.0,614295.0,653061.0,698495.0,820011.0,589233.0,616927.0,603988.0,370274.0,567662.0,573874.0,584537.0,569757.0,560401.0,427542.0,415155.0
20191,11440640,연남동,1065707.0,465911.0,599796.0,98832.0,270898.0,241121.0,156771.0,112388.0,185699.0,286944.0,200718.0,112973.0,124829.0,190052.0,150192.0,144559.0,144703.0,146829.0,147367.0,153316.0,168386.0,160545.0
20192,11440640,연남동,1062981.0,455698.0,607283.0,90515.0,268695.0,249311.0,154232.0,111263.0,188963.0,289420.0,201300.0,111564.0,122129.0,187285.0,151284.0,146407.0,144347.0,146973.0,147454.0,150846.0,165290.0,161664.0
20193,11440640,연남동,1138239.0,490279.0,647961.0,97457.0,298531.0,261403.0,162965.0,119631.0,198252.0,304638.0,215427.0,120732.0,131550.0,204758.0,161136.0,155108.0,155971.0,158826.0,159059.0,161063.0,176731.0,171481.0
20194,11440640,연남동,1232082.0,529225.0,702858.0,103637.0,325596.0,281911.0,178352.0,129705.0,212881.0,327386.0,228371.0,129285.0,144647.0,227816.0,174577.0,165454.0,166501.0,171161.0,170190.0,175107.0,196412.0,187257.0
20201,11440640,연남동,1228507.0,534960.0,693547.0,112121.0,317254.0,276522.0,181382.0,125698.0,215528.0,318283.0,230301.0,134098.0,149732.0,227257.0,168839.0,168754.0,168174.0,170270.0,170223.0,175068.0,190394.0,185625.0
20202,11440640,연남동,1234632.0,535043.0,699587.0,106666.0,333158.0,281454.0,182276.0,116910.0,214167.0,312435.0,229968.0,137643.0,153360.0,232136.0,169090.0,167741.0,169306.0,170834.0,171836.0,174751.0,192437.0,187726.0
20203,11440640,연남동,1229174.0,535440.0,693735.0,106661.0,340884.0,275395.0,187426.0,115685.0,203122.0,313249.0,227751.0,137991.0,152987.0,230557.0,166640.0,167957.0,169574.0,169882.0,170555.0,174974.0,191649.0,184584.0
20204,11440640,연남동,1153112.0,516270.0,636842.0,100277.0,302807.0,265891.0,178104.0,111971.0,194063.0,300204.0,217406.0,129181.0,141507.0,209215.0,155599.0,157817.0,157835.0,159475.0,159716.0,166094.0,178175.0,174002.0
20211,11440640,연남동,1172132.0,524281.0,647851.0,109026.0,296188.0,259652.0,188922.0,117706.0,200639.0,287438.0,219748.0,138495.0,155796.0,220457.0,150198.0,162592.0,163281.0,165409.0,164441.0,166826.0,176054.0,173529.0
20212,11440640,연남동,1196781.0,529874.0,666908.0,105299.0,316434.0,268198.0,193220.0,120639.0,192990.0,286427.0,218585.0,141818.0,161354.0,233272.0,155327.0,163874.0,164395.0,170944.0,166608.0,171594.0,182617.0,176750.0
20213,11440640,연남동,1033513.0,466927.0,566584.0,96010.0,258848.0,227694.0,172405.0,108882.0,169672.0,259498.0,195470.0,121203.0,132586.0,188047.0,136709.0,139277.0,144074.0,150247.0,148681.0,150489.0,151894.0,148849.0
20214,11440640,연남동,932097.0,419282.0,512814.0,88983.0,245512.0,202943.0,152227.0,97088.0,145344.0,238493.0,170575.0,105952.0,120555.0,171900.0,124620.0,128936.0,128145.0,129780.0,131321.0,132968.0,143241.0,137706.0
20221,11440640,연남동,1017850.0,458452.0,559399.0,103707.0,266733.0,227130.0,165305.0,102816.0,152161.0,278330.0,191344.0,112429.0,127165.0,176766.0,131818.0,139046.0,140551.0,142741.0,143603.0,145955.0,154534.0,151419.0
20222,11440640,연남동,1148487.0,510540.0,637947.0,104797.0,312684.0,269177.0,183373.0,113655.0,164799.0,298595.0,205032.0,128476.0,147367.0,214988.0,154029.0,155459.0,154052.0,157230.0,158995.0,163311.0,183796.0,175644.0
20223,11440640,연남동,975415.0,432598.0,542817.0,94264.0,264986.0,230791.0,152760.0,97187.0,135427.0,223682.0,169721.0,116939.0,137755.0,201393.0,125923.0,132655.0,131372.0,133106.0,133625.0,138718.0,155519.0,150419.0
20224,11440640,연남동,942349.0,422928.0,519420.0,92526.0,253715.0,226620.0,148770.0,92641.0,128075.0,220165.0,164941.0,112147.0,132624.0,191638.0,120834.0,126686.0,124040.0,126352.0,127042.0,133704.0,155032.0,149491.0
20231,11440640,연남동,993876.0,445571.0,548305.0,107120.0,268906.0,233787.0,153623.0,95593.0,134847.0,227328.0,173530.0,119964.0,144268.0,204160.0,124627.0,133056.0,133068.0,135856.0,135343.0,138767.0,164058.0,153730.0
20232,11440640,연남동,987677.0,440365.0,547313.0,94812.0,269667.0,237698.0,157608.0,98145.0,129748.0,222468.0,172894.0,120643.0,141566.0,205412.0,124694.0,132694.0,131346.0,131221.0,133533.0,140497.0,162563.0,155822.0
20233,11440640,연남동,1016449.0,450731.0,565718.0,106507.0,278818.0,236104.0,159556.0,99411.0,136055.0,216888.0,175719.0,129222.0,151447.0,216325.0,126849.0,137269.0,135279.0,137056.0,138411.0,142074.0,165652.0,160710.0
20234,11440640,연남동,1079089.0,475147.0,603941.0,107397.0,301788.0,247881.0,171963.0,109834.0,140225.0,228908.0,183819.0,137515.0,165397.0,229653.0,133798.0,147851.0,141831.0,141647.0,144239.0,150914.0,179416.0,173190.0
20241,11440640,연남동,1041222.0,460378.0,580843.0,109649.0,281850.0,233103.0,165999.0,110576.0,140047.0,224812.0,177568.0,128860.0,157727.0,222344.0,129910.0,140583.0,137550.0,138751.0,139423.0,147985.0,172159.0,164771.0
20242,11440640,연남동,1024807.0,444908.0,579900.0,93352.0,279468.0,241288.0,166734.0,106013.0,137952.0,223992.0,179865.0,126463.0,149047.0,216100.0,129337.0,136270.0,135085.0,141060.0,140247.0,144892.0,166418.0,160836.0
20243,11440640,연남동,985032.0,432146.0,552887.0,91148.0,259684.0,229850.0,159582.0,105800.0,138968.0,221120.0,175241.0,120408.0,139334.0,202497.0,126431.0,133451.0,130828.0,134801.0,135865.0,139794.0,157646.0,152646.0
20244,11440640,연남동,987231.0,430076.0,557154.0,87317.0,264008.0,231670.0,158077.0,106187.0,139972.0,222552.0,176718.0,119309.0,139147.0,200382.0,129121.0,131307.0,132438.0,137181.0,135568.0,140343.0,158542.0,151850.0
20251,11440640,연남동,1013523.0,451694.0,561830.0,87151.0,265322.0,243553.0,162572.0,111277.0,143647.0,225865.0,183201.0,125697.0,145352.0,203408.0,130000.0,138165.0,134852.0,137032.0,139274.0,145110.0,164782.0,154306.0
20252,11440640,연남동,975344.0,436389.0,538956.0,80185.0,253620.0,238816.0,159701.0,107948.0,135072.0,221268.0,175442.0,120698.0,137674.0,193821.0,126441.0,132528.0,133187.0,130664.0,133156.0,139091.0,153987.0,152731.0
20253,11440640,연남동,1058789.0,464152.0,594638.0,92665.0,268439.0,242417.0,176828.0,119071.0,159371.0,256258.0,199547.0,126793.0,139829.0,197755.0,138607.0,145205.0,145017.0,145153.0,147191.0,151348.0,163824.0,161054.0
20254,11440640,연남동,1111288.0,473036.0,638254.0,96985.0,290130.0,249367.0,185952.0,122900.0,165954.0,272452.0,209517.0,130993.0,146550.0,208117.0,143660.0,149217.0,149645.0,155483.0,156650.0,158074.0,174174.0,168045.0
20191,11440570,염리동,146676.0,73358.0,73318.0,17867.0,24382.0,32947.0,29396.0,20150.0,21933.0,23406.0,30508.0,24758.0,24001.0,28660.0,15341.0,21557.0,21817.0,22440.0,23054.0,22554.0,18325.0,16931.0
20192,11440570,염리동,165708.0,81579.0,84128.0,18508.0,27428.0,37504.0,33678.0,22791.0,25798.0,22693.0,34635.0,29567.0,28766.0,33797.0,16247.0,24647.0,26079.0,25589.0,25476.0,25985.0,19741.0,18189.0
20193,11440570,염리동,158310.0,77435.0,80875.0,18463.0,25570.0,34919.0,32180.0,22989.0,24189.0,21379.0,32841.0,28205.0,27656.0,32755.0,15474.0,24521.0,24974.0,24988.0,23744.0,23816.0,18948.0,17318.0
20194,11440570,염리동,164244.0,79751.0,84491.0,21586.0,24686.0,36400.0,34072.0,23149.0,24349.0,22905.0,34146.0,29391.0,28427.0,33205.0,16167.0,25546.0,25632.0,24366.0,24682.0,25406.0,20317.0,18294.0
20201,11440570,염리동,155462.0,76141.0,79321.0,21430.0,23536.0,35319.0,32172.0,21158.0,21848.0,23655.0,32700.0,26828.0,26497.0,30399.0,15384.0,23280.0,24172.0,23940.0,24309.0,23695.0,18636.0,17431.0
20202,11440570,염리동,134105.0,66164.0,67941.0,19719.0,19502.0,29250.0,27752.0,18448.0,19435.0,17490.0,28023.0,23923.0,23934.0,27713.0,13023.0,20633.0,20620.0,20818.0,21002.0,20334.0,16008.0,14692.0
20203,11440570,염리동,120959.0,60259.0,60701.0,17529.0,17448.0,26561.0,25396.0,16733.0,17293.0,15693.0,25358.0,21821.0,21603.0,24844.0,11640.0,18300.0,18846.0,18427.0,18798.0,18560.0,14463.0,13563.0
20204,11440570,염리동,112303.0,56036.0,56266.0,17323.0,15239.0,24311.0,24107.0,15754.0,15569.0,14580.0,23665.0,20224.0,19999.0,23086.0,10749.0,17498.0,17563.0,17654.0,16873.0,16199.0,13540.0,12975.0
20211,11440570,염리동,114861.0,56953.0,57908.0,17173.0,15656.0,24790.0,24427.0,16698.0,16114.0,14896.0,24040.0,20770.0,20801.0,23737.0,10616.0,17377.0,18074.0,17874.0,17567.0,17026.0,13784.0,13159.0
20212,11440570,염리동,121297.0,58076.0,63221.0,17927.0,17335.0,26363.0,25336.0,17717.0,16620.0,15874.0,25478.0,21943.0,21791.0,24945.0,11266.0,18744.0,18899.0,17930.0,18867.0,18569.0,14507.0,13780.0
20213,11440570,염리동,122585.0,58276.0,64310.0,16254.0,17793.0,26541.0,25978.0,18354.0,17667.0,17949.0,26187.0,21486.0,21066.0,24041.0,11856.0,18026.0,18507.0,18560.0,19221.0,19021.0,15030.0,14222.0
20214,11440570,염리동,126812.0,59994.0,66818.0,17528.0,18109.0,27455.0,26349.0,18764.0,18608.0,18504.0,26867.0,22213.0,21399.0,25311.0,12516.0,18452.0,19661.0,19621.0,19711.0,19101.0,15474.0,14792.0
20221,11440570,염리동,122825.0,58748.0,64078.0,17112.0,17654.0,26231.0,25232.0,18663.0,17933.0,18088.0,25888.0,21147.0,20897.0,24711.0,12095.0,18271.0,18257.0,18272.0,19114.0,19087.0,15212.0,14612.0
20222,11440570,염리동,129201.0,61600.0,67601.0,19352.0,18434.0,26935.0,26234.0,19597.0,18650.0,18900.0,27394.0,22466.0,21658.0,25907.0,12878.0,19285.0,20257.0,19475.0,19688.0,19610.0,15760.0,15127.0
20223,11440570,염리동,123443.0,58352.0,65091.0,18347.0,18005.0,25296.0,25094.0,19121.0,17580.0,17471.0,26234.0,21684.0,21152.0,24653.0,12250.0,18079.0,19313.0,19387.0,19485.0,18681.0,14517.0,13980.0
20224,11440570,염리동,124159.0,58476.0,65683.0,19654.0,17613.0,24681.0,25215.0,19310.0,17686.0,17249.0,26694.0,22305.0,21386.0,24569.0,11955.0,18170.0,19498.0,19303.0,19491.0,19222.0,14701.0,13773.0
20231,11440570,염리동,121519.0,57352.0,64167.0,19021.0,17385.0,24412.0,24293.0,19325.0,17083.0,17330.0,25719.0,21368.0,21050.0,24229.0,11822.0,18372.0,18838.0,18475.0,19234.0,18931.0,14249.0,13420.0
20232,11440570,염리동,133495.0,62330.0,71166.0,20513.0,19013.0,26988.0,26464.0,20519.0,19999.0,19946.0,28021.0,22914.0,22075.0,26644.0,13893.0,19718.0,20300.0,20906.0,21090.0,20451.0,16155.0,14877.0
20233,11440570,염리동,121997.0,56854.0,65142.0,18554.0,17527.0,24800.0,24870.0,18793.0,17453.0,18698.0,26093.0,21225.0,20098.0,23678.0,12204.0,19127.0,18864.0,19209.0,18617.0,18513.0,14287.0,13377.0
20234,11440570,염리동,123895.0,58204.0,65692.0,20084.0,17161.0,25055.0,25349.0,18748.0,17497.0,19407.0,26714.0,21608.0,20082.0,23660.0,12424.0,17988.0,19284.0,19615.0,19517.0,19298.0,14773.0,13422.0
20241,11440570,염리동,125900.0,59005.0,66894.0,19576.0,17563.0,25861.0,25254.0,19314.0,18332.0,19935.0,26956.0,21673.0,20618.0,24069.0,12647.0,18877.0,19524.0,20187.0,19651.0,19020.0,14892.0,13750.0
20242,11440570,염리동,134390.0,61910.0,72481.0,21795.0,18194.0,27936.0,26940.0,20587.0,18939.0,20610.0,29040.0,23559.0,21883.0,25857.0,13442.0,20521.0,21498.0,20053.0,20755.0,21122.0,15838.0,14604.0
20243,11440570,염리동,130850.0,60540.0,70309.0,20971.0,18031.0,27402.0,26071.0,20133.0,18243.0,19057.0,28238.0,23299.0,21979.0,25373.0,12903.0,20146.0,20278.0,20332.0,20320.0,20498.0,15307.0,13968.0
20244,11440570,염리동,126910.0,58717.0,68193.0,19915.0,16729.0,26846.0,25819.0,19603.0,17997.0,18277.0,27202.0,22755.0,21320.0,24826.0,12530.0,19946.0,19521.0,19033.0,19631.0,19926.0,15253.0,13600.0
20251,11440570,염리동,125271.0,57659.0,67612.0,18668.0,16756.0,27225.0,25447.0,19241.0,17934.0,18369.0,26577.0,22068.0,21436.0,24596.0,12227.0,18945.0,19421.0,19014.0,19761.0,19951.0,14834.0,13345.0
20252,11440570,염리동,123805.0,56302.0,67503.0,19438.0,16617.0,26281.0,24737.0,18901.0,17833.0,17699.0,26835.0,22235.0,20931.0,24176.0,11928.0,19122.0,18951.0,19987.0,19510.0,18976.0,14233.0,13026.0
20253,11440570,염리동,122993.0,56895.0,66098.0,19270.0,17227.0,25337.0,24770.0,19018.0,17371.0,16889.0,27005.0,22572.0,21344.0,23689.0,11495.0,19318.0,19685.0,19590.0,19605.0,18721.0,13660.0,12415.0
20254,11440570,염리동,112858.0,52387.0,60473.0,18084.0,15051.0,22793.0,23102.0,17460.0,16370.0,15552.0,24638.0,20678.0,19356.0,22016.0,10619.0,17518.0,17720.0,17832.0,17404.0,17606.0,12978.0,11797.0
20191,11440550,용강동,1056968.0,488557.0,568411.0,198698.0,112298.0,173524.0,204544.0,137678.0,230229.0,234123.0,217177.0,141489.0,142221.0,196232.0,125727.0,150683.0,149610.0,151891.0,151237.0,152917.0,151631.0,148999.0
20192,11440550,용강동,1017812.0,462254.0,555558.0,200706.0,108913.0,168740.0,194914.0,128873.0,215670.0,229737.0,208488.0,134046.0,135736.0,188389.0,121417.0,146084.0,146018.0,146192.0,145397.0,146125.0,144993.0,143001.0
20193,11440550,용강동,1053049.0,478831.0,574218.0,208713.0,112321.0,172927.0,202703.0,135406.0,220981.0,239842.0,212574.0,136835.0,141209.0,195556.0,127033.0,152343.0,154729.0,154046.0,149020.0,147079.0,148350.0,147484.0
20194,11440550,용강동,1072994.0,489473.0,583522.0,217715.0,110475.0,175643.0,207645.0,138354.0,223161.0,249823.0,214260.0,133408.0,139057.0,201767.0,134682.0,155187.0,154846.0,153999.0,154708.0,153804.0,151657.0,148792.0
20201,11440550,용강동,1130300.0,521287.0,609014.0,240356.0,121069.0,182044.0,214272.0,144103.0,228455.0,255752.0,227432.0,146862.0,150288.0,210960.0,139003.0,162346.0,163173.0,163135.0,163319.0,161010.0,159137.0,158181.0
20202,11440550,용강동,1141296.0,524720.0,616576.0,256918.0,118696.0,183966.0,216041.0,140580.0,225093.0,261650.0,229601.0,146173.0,150617.0,212896.0,140359.0,164106.0,164399.0,164120.0,163504.0,163121.0,161402.0,160644.0
20203,11440550,용강동,1111167.0,514555.0,596612.0,247575.0,112907.0,181118.0,213097.0,139391.0,217081.0,254568.0,222396.0,143129.0,147677.0,207298.0,136101.0,158962.0,159027.0,159095.0,161027.0,160508.0,156397.0,156152.0
20204,11440550,용강동,1128570.0,519492.0,609076.0,252095.0,111701.0,182066.0,218557.0,142228.0,221922.0,260658.0,225652.0,144053.0,149895.0,210235.0,138077.0,163266.0,163577.0,162164.0,160195.0,158179.0,159879.0,161311.0
20211,11440550,용강동,1145227.0,529145.0,616082.0,254875.0,111487.0,184082.0,226164.0,148550.0,220068.0,265112.0,230122.0,147129.0,151808.0,212102.0,138955.0,164701.0,164870.0,164505.0,164494.0,161911.0,162007.0,162740.0
20212,11440550,용강동,1146764.0,526269.0,620494.0,249885.0,115295.0,190142.0,226326.0,149635.0,215479.0,272219.0,226146.0,142025.0,149506.0,215030.0,141844.0,165172.0,164888.0,163172.0,164023.0,164518.0,163270.0,161720.0
20213,11440550,용강동,1114221.0,508115.0,606106.0,237275.0,115044.0,181558.0,216321.0,149329.0,214695.0,250196.0,220377.0,146814.0,153054.0,210163.0,133620.0,158341.0,156750.0,160064.0,162279.0,161705.0,159140.0,155944.0
20214,11440550,용강동,1135126.0,524378.0,610748.0,238766.0,116671.0,187942.0,220588.0,153676.0,217486.0,262143.0,221863.0,143209.0,152859.0,215963.0,139091.0,162401.0,163452.0,163926.0,164337.0,163466.0,159963.0,157581.0
20221,11440550,용강동,1152117.0,533885.0,618232.0,248471.0,114990.0,191699.0,222967.0,156848.0,217142.0,263729.0,227888.0,148274.0,155500.0,217216.0,139506.0,164279.0,163817.0,165512.0,167774.0,166169.0,163946.0,160620.0
20222,11440550,용강동,1154278.0,528982.0,625296.0,241218.0,116221.0,195567.0,225243.0,159713.0,216318.0,266376.0,222717.0,142656.0,154388.0,224003.0,144139.0,166673.0,166431.0,166337.0,165634.0,165325.0,162951.0,160927.0
20223,11440550,용강동,1088788.0,503342.0,585446.0,237016.0,109987.0,179619.0,208754.0,148772.0,204640.0,252226.0,213130.0,137807.0,146509.0,206870.0,132247.0,155256.0,159284.0,156712.0,158325.0,155654.0,152482.0,151074.0
20224,11440550,용강동,972900.0,449560.0,523339.0,221825.0,96004.0,157152.0,185621.0,130899.0,181400.0,230292.0,191349.0,120107.0,128083.0,185039.0,118028.0,139191.0,139767.0,137896.0,139407.0,137081.0,140406.0,139155.0
20231,11440550,용강동,987835.0,457107.0,530728.0,229065.0,97660.0,154819.0,187226.0,134899.0,184167.0,230081.0,196384.0,125439.0,131854.0,185650.0,118429.0,139998.0,142030.0,141567.0,143117.0,142107.0,141685.0,137332.0
20232,11440550,용강동,973354.0,443207.0,530149.0,207901.0,98464.0,157703.0,193773.0,133836.0,181679.0,233047.0,192324.0,119539.0,126335.0,183199.0,118909.0,139072.0,139817.0,138358.0,139695.0,138339.0,140487.0,137584.0
20233,11440550,용강동,970672.0,446476.0,524197.0,214810.0,96896.0,152718.0,191454.0,132034.0,182760.0,227645.0,189383.0,121625.0,129713.0,184115.0,118188.0,140319.0,140506.0,139267.0,137660.0,137327.0,137700.0,137890.0
20234,11440550,용강동,967265.0,448095.0,519171.0,220271.0,94428.0,152554.0,190369.0,132962.0,176680.0,226120.0,187268.0,119658.0,129763.0,186101.0,118355.0,137401.0,138891.0,138971.0,139410.0,138353.0,139471.0,134770.0
20241,11440550,용강동,1000291.0,462548.0,537743.0,223500.0,98007.0,156856.0,197642.0,141152.0,183129.0,226931.0,197923.0,129155.0,136660.0,191066.0,118558.0,144101.0,146198.0,144946.0,146019.0,142283.0,140167.0,136574.0
20242,11440550,용강동,961395.0,438354.0,523040.0,214996.0,92088.0,151102.0,191909.0,136380.0,174920.0,218289.0,186159.0,120492.0,130856.0,189956.0,115646.0,138285.0,138329.0,136218.0,137079.0,137882.0,137942.0,135660.0
20243,11440550,용강동,971077.0,439874.0,531201.0,224496.0,91398.0,150341.0,192543.0,137138.0,175158.0,218046.0,190257.0,125549.0,133554.0,188130.0,115539.0,138970.0,139258.0,140016.0,140217.0,139519.0,138425.0,134668.0
20244,11440550,용강동,945654.0,429705.0,515949.0,217939.0,86217.0,146174.0,190759.0,135114.0,169453.0,214946.0,183329.0,119542.0,128909.0,185467.0,113460.0,135884.0,134993.0,133900.0,135126.0,135830.0,137489.0,132430.0
20251,11440550,용강동,930801.0,422542.0,508259.0,216556.0,86522.0,140218.0,185433.0,133142.0,168930.0,208107.0,181880.0,121737.0,128561.0,180807.0,109711.0,134421.0,132837.0,132621.0,133863.0,135371.0,134172.0,127518.0
20252,11440550,용강동,920099.0,415529.0,504569.0,210386.0,85365.0,142408.0,186479.0,131668.0,163792.0,208414.0,176936.0,115710.0,125394.0,182751.0,110894.0,130846.0,131661.0,131307.0,131610.0,131025.0,134562.0,129085.0
20253,11440550,용강동,932174.0,424154.0,508022.0,217040.0,87661.0,140722.0,188621.0,135071.0,163064.0,209597.0,180292.0,119391.0,128493.0,183010.0,111391.0,134193.0,133422.0,132772.0,133354.0,132932.0,135261.0,130242.0
20254,11440550,용강동,935836.0,428805.0,507031.0,209088.0,89720.0,147388.0,186570.0,138409.0,164659.0,220171.0,183303.0,116762.0,124853.0,177824.0,112921.0,134047.0,134189.0,133856.0,134752.0,134766.0,134562.0,129666.0
20191,11440610,합정동,3947580.0,1758346.0,2189233.0,388776.0,908412.0,924756.0,626887.0,472459.0,626289.0,838585.0,756856.0,532571.0,549234.0,773908.0,496425.0,550775.0,554962.0,562111.0,571925.0,584904.0,573317.0,549588.0
20192,11440610,합정동,3798532.0,1678073.0,2120461.0,354963.0,857068.0,910873.0,617804.0,451903.0,605924.0,810589.0,732432.0,512685.0,523672.0,737315.0,481842.0,533424.0,543800.0,544017.0,546411.0,559954.0,547219.0,523714.0
20193,11440610,합정동,3860202.0,1696154.0,2164049.0,381798.0,882941.0,904178.0,629985.0,464889.0,596412.0,852612.0,739628.0,516840.0,527814.0,736110.0,487198.0,549035.0,559798.0,559419.0,549809.0,558590.0,546317.0,537230.0
20194,11440610,합정동,3948353.0,1725774.0,2222578.0,369554.0,909463.0,940775.0,650046.0,470546.0,607971.0,861447.0,752855.0,528655.0,541061.0,765719.0,498613.0,550331.0,561556.0,563410.0,567284.0,576241.0,578432.0,551099.0
20201,11440610,합정동,3825545.0,1682826.0,2142722.0,365586.0,882470.0,908320.0,620372.0,452733.0,596062.0,847522.0,740892.0,509942.0,521650.0,730909.0,474631.0,543129.0,551896.0,552758.0,555818.0,561259.0,539192.0,521496.0
20202,11440610,합정동,3701888.0,1636697.0,2065194.0,330896.0,867115.0,895006.0,608911.0,440294.0,559668.0,830916.0,717878.0,488792.0,499833.0,702773.0,461694.0,527653.0,532288.0,536825.0,536751.0,544310.0,527024.0,497040.0
20203,11440610,합정동,3659293.0,1626135.0,2033160.0,323796.0,859357.0,885988.0,597199.0,445534.0,547418.0,821255.0,712722.0,485182.0,497309.0,691283.0,451543.0,520007.0,528144.0,527127.0,533520.0,540143.0,520511.0,489840.0
20204,11440610,합정동,3540320.0,1575075.0,1965244.0,291202.0,819518.0,864065.0,581458.0,444737.0,539344.0,796729.0,698149.0,472024.0,479854.0,661248.0,432320.0,507646.0,514522.0,516331.0,510462.0,512963.0,499554.0,478846.0
20211,11440610,합정동,3616633.0,1606685.0,2009948.0,295888.0,831210.0,878010.0,595553.0,455128.0,560847.0,784548.0,710272.0,491003.0,507797.0,694882.0,428132.0,520083.0,525986.0,529961.0,523671.0,520245.0,508732.0,487956.0
20212,11440610,합정동,3618157.0,1601625.0,2016533.0,296178.0,859430.0,885921.0,597568.0,439422.0,539638.0,765730.0,701517.0,494575.0,512767.0,710223.0,433345.0,516744.0,525323.0,524171.0,525678.0,532881.0,510875.0,482485.0
20213,11440610,합정동,3292306.0,1463257.0,1829049.0,261551.0,781871.0,808515.0,543996.0,395344.0,501030.0,687771.0,639443.0,461601.0,477399.0,639705.0,386386.0,463976.0,471078.0,476808.0,484316.0,486078.0,466725.0,443321.0
20214,11440610,합정동,3421159.0,1512425.0,1908734.0,281067.0,821299.0,846901.0,560098.0,403517.0,508276.0,690414.0,651611.0,478248.0,495165.0,693474.0,412246.0,478937.0,488337.0,494323.0,495252.0,500578.0,492777.0,470953.0
20221,11440610,합정동,3370382.0,1486486.0,1883898.0,276847.0,807472.0,835031.0,550970.0,402851.0,497210.0,681985.0,647044.0,474778.0,493546.0,677686.0,395343.0,474908.0,477021.0,483577.0,488666.0,494816.0,486104.0,465293.0
20222,11440610,합정동,3521511.0,1556906.0,1964603.0,297069.0,855451.0,873315.0,577318.0,415335.0,503024.0,698405.0,666941.0,496638.0,509750.0,718356.0,431422.0,495233.0,504659.0,501069.0,505812.0,515808.0,514796.0,484136.0
20223,11440610,합정동,3546308.0,1580293.0,1966015.0,316244.0,861287.0,869473.0,578227.0,418882.0,502194.0,706844.0,671571.0,500177.0,513281.0,722754.0,431679.0,495743.0,506214.0,509842.0,514227.0,518459.0,510263.0,491561.0
20224,11440610,합정동,3628425.0,1623224.0,2005202.0,321628.0,869651.0,890800.0,596893.0,429236.0,520216.0,722348.0,690930.0,510018.0,522822.0,738943.0,443361.0,501885.0,513891.0,516015.0,522015.0,535779.0,531551.0,507289.0
20231,11440610,합정동,3597397.0,1603813.0,1993583.0,322907.0,857549.0,895072.0,596823.0,421095.0,503957.0,716361.0,671867.0,506809.0,526102.0,736409.0,439852.0,498878.0,512701.0,514612.0,520594.0,534316.0,526245.0,490049.0
20232,11440610,합정동,3492618.0,1557632.0,1934983.0,303624.0,825201.0,879734.0,590335.0,411349.0,482376.0,723715.0,669608.0,488594.0,496763.0,687026.0,426908.0,489365.0,499361.0,501171.0,507061.0,517071.0,503704.0,474883.0
20233,11440610,합정동,3294120.0,1465525.0,1828597.0,296556.0,792248.0,825991.0,549442.0,385761.0,444126.0,686071.0,622892.0,456954.0,465769.0,656305.0,406123.0,470225.0,473011.0,474187.0,467003.0,476703.0,474053.0,458941.0
20234,11440610,합정동,2913014.0,1316185.0,1596827.0,265067.0,714456.0,722996.0,488245.0,339204.0,383044.0,552881.0,537873.0,418475.0,431241.0,614534.0,358009.0,403215.0,410648.0,415875.0,420143.0,433231.0,430461.0,399439.0
20241,11440610,합정동,2886634.0,1308175.0,1578460.0,250269.0,704704.0,710467.0,491033.0,345918.0,384245.0,544027.0,530299.0,417090.0,431409.0,612460.0,351350.0,400196.0,409831.0,417623.0,415741.0,425019.0,421029.0,397201.0
20242,11440610,합정동,2768153.0,1247172.0,1520981.0,249119.0,678974.0,689911.0,471264.0,322247.0,356640.0,505157.0,512089.0,407982.0,419793.0,588288.0,334845.0,384460.0,398346.0,391270.0,400137.0,412854.0,404664.0,376425.0
20243,11440610,합정동,2813569.0,1269520.0,1544050.0,264234.0,681746.0,687012.0,482843.0,332122.0,365611.0,514702.0,521947.0,415594.0,426058.0,596085.0,339181.0,392668.0,396538.0,403837.0,409531.0,419878.0,410891.0,380223.0
20244,11440610,합정동,2844772.0,1281482.0,1563291.0,250856.0,688476.0,697464.0,497167.0,336077.0,374735.0,518341.0,526887.0,419720.0,428034.0,605245.0,346546.0,396118.0,401723.0,402841.0,409406.0,422705.0,422180.0,389804.0
20251,11440610,합정동,2753749.0,1241616.0,1512133.0,229614.0,660696.0,680933.0,482815.0,331241.0,368454.0,503503.0,500340.0,404263.0,418631.0,591040.0,335972.0,381267.0,386731.0,384648.0,396355.0,412865.0,412089.0,379791.0
20252,11440610,합정동,2706190.0,1204117.0,1502074.0,234807.0,640293.0,674943.0,476665.0,322500.0,356983.0,484610.0,500926.0,404816.0,411834.0,575656.0,328344.0,379106.0,379789.0,387213.0,390660.0,402525.0,397653.0,369242.0
20253,11440610,합정동,2737898.0,1216551.0,1521349.0,242422.0,653700.0,675412.0,485206.0,317013.0,364150.0,487257.0,504839.0,411295.0,418346.0,586248.0,329912.0,383642.0,387231.0,387413.0,396351.0,402256.0,403181.0,377827.0
20254,11440610,합정동,2687157.0,1193458.0,1493702.0,248941.0,618758.0,663815.0,475019.0,318379.0,362247.0,479046.0,495714.0,402108.0,408678.0,575738.0,325875.0,369135.0,377287.0,379808.0,388383.0,400676.0,400170.0,371698.0
