STDR_YYQU_CD,행정동코드,행정동명,TOT_WRC_POPLTN_CO,ML_WRC_POPLTN_CO,FML_WRC_POPLTN_CO,AGRDE_10_WRC_POPLTN_CO,AGRDE_20_WRC_POPLTN_CO,AGRDE_30_WRC_POPLTN_CO,AGRDE_40_WRC_POPLTN_CO,AGRDE_50_WRC_POPLTN_CO,AGRDE_60_ABOVE_WRC_POPLTN_CO,MAG_10_WRC_POPLTN_CO,MAG_20_WRC_POPLTN_CO,MAG_30_WRC_POPLTN_CO,MAG_40_WRC_POPLTN_CO,MAG_50_WRC_POPLTN_CO,MAG_60_ABOVE_WRC_POPLTN_CO,FAG_10_WRC_POPLTN_CO,FAG_20_WRC_POPLTN_CO,FAG_30_WRC_POPLTN_CO,FAG_40_WRC_POPLTN_CO,FAG_50_WRC_POPLTN_CO,FAG_60_ABOVE_WRC_POPLTN_CO
20191,11440530,공덕동,927836.0,542808.0,385028.0,1792.0,162120.0,236852.0,234976.0,191576.0,100520.0,840.0,75908.0,143108.0,148512.0,110096.0,64344.0,952.0,86212.0,93744.0,86464.0,81480.0,36176.0
20192,11440530,공덕동,927836.0,542808.0,385028.0,1792.0,162120.0,236852.0,234976.0,191576.0,100520.0,840.0,75908.0,143108.0,148512.0,110096.0,64344.0,952.0,86212.0,93744.0,86464.0,81480.0,36176.0
20193,11440530,공덕동,927836.0,542808.0,385028.0,1792.0,162120.0,236852.0,234976.0,191576.0,100520.0,840.0,75908.0,143108.0,148512.0,110096.0,64344.0,952.0,86212.0,93744.0,86464.0,81480.0,36176.0
20194,11440530,공덕동,927836.0,542808.0,385028.0,1792.0,162120.0,236852.0,234976.0,191576.0,100520.0,840.0,75908.0,143108.0,148512.0,110096.0,64344.0,952.0,86212.0,93744.0,86464.0,81480.0,36176.0
20201,11440530,공덕동,927836.0,542808.0,385028.0,1792.0,162120.0,236852.0,234976.0,191576.0,100520.0,840.0,75908.0,143108.0,148512.0,110096.0,64344.0,952.0,86212.0,93744.0,86464.0,81480.0,36176.0
20202,11440530,공덕동,927836.0,542808.0,385028.0,1792.0,162120.0,236852.0,234976.0,191576.0,100520.0,840.0,75908.0,143108.0,148512.0,110096.0,64344.0,952.0,86212.0,93744.0,86464.0,81480.0,36176.0
20203,11440530,공덕동,927836.0,542808.0,385028.0,1792.0,162120.0,236852.0,234976.0,191576.0,100520.0,840.0,75908.0,143108.0,148512.0,110096.0,64344.0,952.0,86212.0,93744.0,86464.0,81480.0,36176.0
20204,11440530,공덕동,953540.0,556892.0,396648.0,980.0,164920.0,242956.0,241920.0,197764.0,105000.0,392.0,77140.0,146524.0,152404.0,113064.0,67368.0,588.0,87780.0,96432.0,89516.0,84700.0,37632.0
20211,11440530,공덕동,953540.0,556892.0,396648.0,980.0,164920.0,242956.0,241920.0,197764.0,105000.0,392.0,77140.0,146524.0,152404.0,113064.0,67368.0,588.0,87780.0,96432.0,89516.0,84700.0,37632.0
20212,11440530,공덕동,953540.0,556892.0,396648.0,980.0,164920.0,242956.0,241920.0,197764.0,105000.0,392.0,77140.0,146524.0,152404.0,113064.0,67368.0,588.0,87780.0,96432.0,89516.0,84700.0,37632.0
20213,11440530,공덕동,953540.0,556892.0,396648.0,980.0,164920.0,242956.0,241920.0,197764.0,105000.0,392.0,77140.0,146524.0,152404.0,113064.0,67368.0,588.0,87780.0,96432.0,89516.0,84700.0,37632.0
20214,11440530,공덕동,992712.0,580748.0,411964.0,448.0,170212.0,251972.0,251384.0,206472.0,112224.0,112.0,79800.0,152096.0,158872.0,117908.0,71960.0,336.0,90412.0,99876.0,92512.0,88564.0,40264.0
20221,11440530,공덕동,992712.0,580748.0,411964.0,448.0,170212.0,251972.0,251384.0,206472.0,112224.0,112.0,79800.0,152096.0,158872.0,117908.0,71960.0,336.0,90412.0,99876.0,92512.0,88564.0,40264.0
20222,11440530,공덕동,992712.0,580748.0,411964.0,448.0,170212.0,251972.0,251384.0,206472.0,112224.0,112.0,79800.0,152096.0,158872.0,117908.0,71960.0,336.0,90412.0,99876.0,92512.0,88564.0,40264.0
20223,11440530,공덕동,992712.0,580748.0,411964.0,448.0,170212.0,251972.0,251384.0,206472.0,112224.0,112.0,79800.0,152096.0,158872.0,117908.0,71960.0,336.0,90412.0,99876.0,92512.0,88564.0,40264.0
20224,11440530,공덕동,865564.0,507416.0,358148.0,168.0,147700.0,218624.0,218848.0,180992.0,99232.0,0.0,69412.0,132160.0,138572.0,103376.0,63896.0,168.0,78288.0,86464.0,80276.0,77616.0,35336.0
20231,11440530,공덕동,865564.0,507416.0,358148.0,168.0,147700.0,218624.0,218848.0,180992.0,99232.0,0.0,69412.0,132160.0,138572.0,103376.0,63896.0,168.0,78288.0,86464.0,80276.0,77616.0,35336.0
20232,11440530,공덕동,865564.0,507416.0,358148.0,168.0,147700.0,218624.0,218848.0,180992.0,99232.0,0.0,69412.0,132160.0,138572.0,103376.0,63896.0,168.0,78288.0,86464.0,80276.0,77616.0,35336.0
20233,11440530,공덕동,865564.0,507416.0,358148.0,168.0,147700.0,218624.0,218848.0,180992.0,99232.0,0.0,69412.0,132160.0,138572.0,103376.0,63896.0,168.0,78288.0,86464.0,80276.0,77616.0,35336.0
20234,11440530,공덕동,998452.0,587972.0,410480.0,84.0,174804.0,255192.0,254044.0,204680.0,109648.0,0.0,81116.0,153160.0,161756.0,120372.0,71568.0,84.0,93688.0,102032.0,92288.0,84308.0,38080.0
20241,11440530,공덕동,998452.0,587972.0,410480.0,84.0,174804.0,255192.0,254044.0,204680.0,109648.0,0.0,81116.0,153160.0,161756.0,120372.0,71568.0,84.0,93688.0,102032.0,92288.0,84308.0,38080.0
20242,11440530,공덕동,998452.0,587972.0,410480.0,84.0,174804.0,255192.0,254044.0,204680.0,109648.0,0.0,81116.0,153160.0,161756.0,120372.0,71568.0,84.0,93688.0,102032.0,92288.0,84308.0,38080.0
20243,11440530,공덕동,998452.0,587972.0,410480.0,84.0,174804.0,255192.0,254044.0,204680.0,109648.0,0.0,81116.0,153160.0,161756.0,120372.0,71568.0,84.0,93688.0,102032.0,92288.0,84308.0,38080.0
20244,11440530,공덕동,1056888.0,623364.0,433524.0,0.0,180124.0,270284.0,267764.0,218204.0,120512.0,0.0,85008.0,163856.0,170436.0,126084.0,77980.0,0.0,95116.0,106428.0,97328.0,92120.0,42532.0
20251,11440530,공덕동,1056888.0,623364.0,433524.0,0.0,180124.0,270284.0,267764.0,218204.0,120512.0,0.0,85008.0,163856.0,170436.0,126084.0,77980.0,0.0,95116.0,106428.0,97328.0,92120.0,42532.0
20252,11440530,공덕동,1056888.0,623364.0,433524.0,0.0,180124.0,270284.0,267764.0,218204.0,120512.0,0.0,85008.0,163856.0,170436.0,126084.0,77980.0,0.0,95116.0,106428.0,97328.0,92120.0,42532.0
20253,11440530,공덕동,1056888.0,623364.0,433524.0,0.0,180124.0,270284.0,267764.0,218204.0,120512.0,0.0,85008.0,163856.0,170436.0,126084.0,77980.0,0.0,95116.0,106428.0,97328.0,92120.0,42532.0
20254,11440530,공덕동,1056888.0,623364.0,433524.0,0.0,180124.0,270284.0,267764.0,218204.0,120512.0,0.0,85008.0,163856.0,170436.0,126084.0,77980.0,0.0,95116.0,106428.0,97328.0,92120.0,42532.0
20191,11440560,대흥동,78232.0,46732.0,31500.0,868.0,20692.0,17724.0,14196.0,14896.0,9856.0,308.0,9128.0,10920.0,9688.0,9884.0,6804.0,560.0,11564.0,6804.0,4508.0,5012.0,3052.0
20192,11440560,대흥동,78232.0,46732.0,31500.0,868.0,20692.0,17724.0,14196.0,14896.0,9856.0,308.0,9128.0,10920.0,9688.0,9884.0,6804.0,560.0,11564.0,6804.0,4508.0,5012.0,3052.0
20193,11440560,대흥동,78232.0,46732.0,31500.0,868.0,20692.0,17724.0,14196.0,14896.0,9856.0,308.0,9128.0,10920.0,9688.0,9884.0,6804.0,560.0,11564.0,6804.0,4508.0,5012.0,3052.0
20194,11440560,대흥동,78232.0,46732.0,31500.0,868.0,20692.0,17724.0,14196.0,14896.0,9856.0,308.0,9128.0,10920.0,9688.0,9884.0,6804.0,560.0,11564.0,6804.0,4508.0,5012.0,3052.0
20201,11440560,대흥동,78232.0,46732.0,31500.0,868.0,20692.0,17724.0,14196.0,14896.0,9856.0,308.0,9128.0,10920.0,9688.0,9884.0,6804.0,560.0,11564.0,6804.0,4508.0,5012.0,3052.0
20202,11440560,대흥동,78232.0,46732.0,31500.0,868.0,20692.0,17724.0,14196.0,14896.0,9856.0,308.0,9128.0,10920.0,9688.0,9884.0,6804.0,560.0,11564.0,6804.0,4508.0,5012.0,3052.0
20203,11440560,대흥동,78232.0,46732.0,31500.0,868.0,20692.0,17724.0,14196.0,14896.0,9856.0,308.0,9128.0,10920.0,9688.0,9884.0,6804.0,560.0,11564.0,6804.0,4508.0,5012.0,3052.0
20204,11440560,대흥동,87164.0,51296.0,35868.0,644.0,24836.0,19740.0,15316.0,16044.0,10584.0,224.0,10836.0,11956.0,10416.0,10556.0,7308.0,420.0,14000.0,7784.0,4900.0,5488.0,3276.0
20211,11440560,대흥동,87164.0,51296.0,35868.0,644.0,24836.0,19740.0,15316.0,16044.0,10584.0,224.0,10836.0,11956.0,10416.0,10556.0,7308.0,420.0,14000.0,7784.0,4900.0,5488.0,3276.0
20212,11440560,대흥동,87164.0,51296.0,35868.0,644.0,24836.0,19740.0,15316.0,16044.0,10584.0,224.0,10836.0,11956.0,10416.0,10556.0,7308.0,420.0,14000.0,7784.0,4900.0,5488.0,3276.0
20213,11440560,대흥동,87164.0,51296.0,35868.0,644.0,24836.0,19740.0,15316.0,16044.0,10584.0,224.0,10836.0,11956.0,10416.0,10556.0,7308.0,420.0,14000.0,7784.0,4900.0,5488.0,3276.0
20214,11440560,대흥동,86912.0,51688.0,35224.0,476.0,24276.0,19796.0,15456.0,16268.0,10640.0,196.0,10472.0,12208.0,10612.0,10864.0,7336.0,280.0,13804.0,7588.0,4844.0,5404.0,3304.0
20221,11440560,대흥동,86912.0,51688.0,35224.0,476.0,24276.0,19796.0,15456.0,16268.0,10640.0,196.0,10472.0,12208.0,10612.0,10864.0,7336.0,280.0,13804.0,7588.0,4844.0,5404.0,3304.0
20222,11440560,대흥동,86912.0,51688.0,35224.0,476.0,24276.0,19796.0,15456.0,16268.0,10640.0,196.0,10472.0,12208.0,10612.0,10864.0,7336.0,280.0,13804.0,7588.0,4844.0,5404.0,3304.0
20223,11440560,대흥동,86912.0,51688.0,35224.0,476.0,24276.0,19796.0,15456.0,16268.0,10640.0,196.0,10472.0,12208.0,10612.0,10864.0,7336.0,280.0,13804.0,7588.0,4844.0,5404.0,3304.0
20224,11440560,대흥동,84056.0,49728.0,34328.0,336.0,23800.0,19096.0,15008.0,15596.0,10220.0,112.0,10220.0,11648.0,10220.0,10444.0,7084.0,224.0,13580.0,7448.0,4788.0,5152.0,3136.0
20231,11440560,대흥동,84056.0,49728.0,34328.0,336.0,23800.0,19096.0,15008.0,15596.0,10220.0,112.0,10220.0,11648.0,10220.0,10444.0,7084.0,224.0,13580.0,7448.0,4788.0,5152.0,3136.0
20232,11440560,대흥동,84056.0,49728.0,34328.0,336.0,23800.0,19096.0,15008.0,15596.0,10220.0,112.0,10220.0,11648.0,10220.0,10444.0,7084.0,224.0,13580.0,7448.0,4788.0,5152.0,3136.0
20233,11440560,대흥동,84056.0,49728.0,34328.0,336.0,23800.0,19096.0,15008.0,15596.0,10220.0,112.0,10220.0,11648.0,10220.0,10444.0,7084.0,224.0,13580.0,7448.0,4788.0,5152.0,3136.0
20234,11440560,대흥동,76776.0,45808.0,30968.0,168.0,21700.0,17388.0,13832.0,14308.0,9380.0,56.0,9352.0,10640.0,9520.0,9660.0,6580.0,112.0,12348.0,6748.0,4312.0,4648.0,2800.0
20241,11440560,대흥동,76776.0,45808.0,30968.0,168.0,21700.0,17388.0,13832.0,14308.0,9380.0,56.0,9352.0,10640.0,9520.0,9660.0,6580.0,112.0,12348.0,6748.0,4312.0,4648.0,2800.0
20242,11440560,대흥동,76776.0,45808.0,30968.0,168.0,21700.0,17388.0,13832.0,14308.0,9380.0,56.0,9352.0,10640.0,9520.0,9660.0,6580.0,112.0,12348.0,6748.0,4312.0,4648.0,2800.0
20243,11440560,대흥동,76776.0,45808.0,30968.0,168.0,21700.0,17388.0,13832.0,14308.0,9380.0,56.0,9352.0,10640.0,9520.0,9660.0,6580.0,112.0,12348.0,6748.0,4312.0,4648.0,2800.0
20244,11440560,대흥동,90580.0,54712.0,35868.0,56.0,25256.0,20776.0,16240.0,17136.0,11116.0,0.0,10948.0,12824.0,11424.0,11592.0,7924.0,56.0,14308.0,7952.0,4816.0,5544.0,3192.0
20251,11440560,대흥동,90580.0,54712.0,35868.0,56.0,25256.0,20776.0,16240.0,17136.0,11116.0,0.0,10948.0,12824.0,11424.0,11592.0,7924.0,56.0,14308.0,7952.0,4816.0,5544.0,3192.0
20252,11440560,대흥동,90580.0,54712.0,35868.0,56.0,25256.0,20776.0,16240.0,17136.0,11116.0,0.0,10948.0,12824.0,11424.0,11592.0,7924.0,56.0,14308.0,7952.0,4816.0,5544.0,3192.0
20253,11440560,대흥동,90580.0,54712.0,35868.0,56.0,25256.0,20776.0,16240.0,17136.0,11116.0,0.0,10948.0,12824.0,11424.0,11592.0,7924.0,56.0,14308.0,7952.0,4816.0,5544.0,3192.0
20254,11440560,대흥동,90580.0,54712.0,35868.0,56.0,25256.0,20776.0,16240.0,17136.0,11116.0,0.0,10948.0,12824.0,11424.0,11592.0,7924.0,56.0,14308.0,7952.0,4816.0,5544.0,3192.0
20191,11440540,도화동,72828.0,44268.0,28560.0,0.0,13440.0,17752.0,18368.0,16240.0,7028.0,0.0,7000.0,12180.0,12068.0,8484.0,4536.0,0.0,6440.0,5572.0,6300.0,7756.0,2492.0
20192,11440540,도화동,72828.0,44268.0,28560.0,0.0,13440.0,17752.0,18368.0,16240.0,7028.0,0.0,7000.0,12180.0,12068.0,8484.0,4536.0,0.0,6440.0,5572.0,6300.0,7756.0,2492.0
20193,11440540,도화동,72828.0,44268.0,28560.0,0.0,13440.0,17752.0,18368.0,16240.0,7028.0,0.0,7000.0,12180.0,12068.0,8484.0,4536.0,0.0,6440.0,5572.0,6300.0,7756.0,2492.0
20194,11440540,도화동,72828.0,44268.0,28560.0,0.0,13440.0,17752.0,18368.0,16240.0,7028.0,0.0,7000.0,12180.0,12068.0,8484.0,4536.0,0.0,6440.0,5572.0,6300.0,7756.0,2492.0
20201,11440540,도화동,72828.0,44268.0,28560.0,0.0,13440.0,17752.0,18368.0,16240.0,7028.0,0.0,7000.0,12180.0,12068.0,8484.0,4536.0,0.0,6440.0,5572.0,6300.0,7756.0,2492.0
20202,11440540,도화동,72828.0,44268.0,28560.0,0.0,13440.0,17752.0,18368.0,16240.0,7028.0,0.0,7000.0,12180.0,12068.0,8484.0,4536.0,0.0,6440.0,5572.0,6300.0,7756.0,2492.0
20203,11440540,도화동,72828.0,44268.0,28560.0,0.0,13440.0,17752.0,18368.0,16240.0,7028.0,0.0,7000.0,12180.0,12068.0,8484.0,4536.0,0.0,6440.0,5572.0,6300.0,7756.0,2492.0
20204,11440540,도화동,84504.0,51352.0,33152.0,0.0,15736.0,20580.0,21252.0,18900.0,8036.0,0.0,8176.0,14168.0,13972.0,9912.0,5124.0,0.0,7560.0,6412.0,7280.0,8988.0,2912.0
20211,11440540,도화동,84504.0,51352.0,33152.0,0.0,15736.0,20580.0,21252.0,18900.0,8036.0,0.0,8176.0,14168.0,13972.0,9912.0,5124.0,0.0,7560.0,6412.0,7280.0,8988.0,2912.0
20212,11440540,도화동,84504.0,51352.0,33152.0,0.0,15736.0,20580.0,21252.0,18900.0,8036.0,0.0,8176.0,14168.0,13972.0,9912.0,5124.0,0.0,7560.0,6412.0,7280.0,8988.0,2912.0
20213,11440540,도화동,84504.0,51352.0,33152.0,0.0,15736.0,20580.0,21252.0,18900.0,8036.0,0.0,8176.0,14168.0,13972.0,9912.0,5124.0,0.0,7560.0,6412.0,7280.0,8988.0,2912.0
20214,11440540,도화동,76832.0,46788.0,30044.0,0.0,14196.0,18760.0,19376.0,17192.0,7308.0,0.0,7448.0,12852.0,12768.0,8988.0,4732.0,0.0,6748.0,5908.0,6608.0,8204.0,2576.0
20221,11440540,도화동,76832.0,46788.0,30044.0,0.0,14196.0,18760.0,19376.0,17192.0,7308.0,0.0,7448.0,12852.0,12768.0,8988.0,4732.0,0.0,6748.0,5908.0,6608.0,8204.0,2576.0
20222,11440540,도화동,76832.0,46788.0,30044.0,0.0,14196.0,18760.0,19376.0,17192.0,7308.0,0.0,7448.0,12852.0,12768.0,8988.0,4732.0,0.0,6748.0,5908.0,6608.0,8204.0,2576.0
20223,11440540,도화동,76832.0,46788.0,30044.0,0.0,14196.0,18760.0,19376.0,17192.0,7308.0,0.0,7448.0,12852.0,12768.0,8988.0,4732.0,0.0,6748.0,5908.0,6608.0,8204.0,2576.0
20224,11440540,도화동,75488.0,45976.0,29512.0,0.0,13972.0,18340.0,18984.0,16940.0,7252.0,0.0,7336.0,12628.0,12516.0,8764.0,4732.0,0.0,6636.0,5712.0,6468.0,8176.0,2520.0
20231,11440540,도화동,75488.0,45976.0,29512.0,0.0,13972.0,18340.0,18984.0,16940.0,7252.0,0.0,7336.0,12628.0,12516.0,8764.0,4732.0,0.0,6636.0,5712.0,6468.0,8176.0,2520.0
20232,11440540,도화동,75488.0,45976.0,29512.0,0.0,13972.0,18340.0,18984.0,16940.0,7252.0,0.0,7336.0,12628.0,12516.0,8764.0,4732.0,0.0,6636.0,5712.0,6468.0,8176.0,2520.0
20233,11440540,도화동,75488.0,45976.0,29512.0,0.0,13972.0,18340.0,18984.0,16940.0,7252.0,0.0,7336.0,12628.0,12516.0,8764.0,4732.0,0.0,6636.0,5712.0,6468.0,8176.0,2520.0
20234,11440540,도화동,67732.0,41132.0,26600.0,0.0,12460.0,16576.0,17164.0,15120.0,6412.0,0.0,6496.0,11368.0,11284.0,7840.0,4144.0,0.0,5964.0,5208.0,5880.0,7280.0,2268.0
20241,11440540,도화동,67732.0,41132.0,26600.0,0.0,12460.0,16576.0,17164.0,15120.0,6412.0,0.0,6496.0,11368.0,11284.0,7840.0,4144.0,0.0,5964.0,5208.0,5880.0,7280.0,2268.0
20242,11440540,도화동,67732.0,41132.0,26600.0,0.0,12460.0,16576.0,17164.0,15120.0,6412.0,0.0,6496.0,11368.0,11284.0,7840.0,4144.0,0.0,5964.0,5208.0,5880.0,7280.0,2268.0
20243,11440540,도화동,67732.0,41132.0,26600.0,0.0,12460.0,16576.0,17164.0,15120.0,6412.0,0.0,6496.0,11368.0,11284.0,7840.0,4144.0,0.0,5964.0,5208.0,5880.0,7280.0,2268.0
20244,11440540,도화동,73444.0,44632.0,28812.0,0.0,13552.0,17948.0,18536.0,16464.0,6944.0,0.0,7056.0,12320.0,12180.0,8596.0,4480.0,0.0,6496.0,5628.0,6356.0,7868.0,2464.0
20251,11440540,도화동,73444.0,44632.0,28812.0,0.0,13552.0,17948.0,18536.0,16464.0,6944.0,0.0,7056.0,12320.0,12180.0,8596.0,4480.0,0.0,6496.0,5628.0,6356.0,7868.0,2464.0
20252,11440540,도화동,73444.0,44632.0,28812.0,0.0,13552.0,17948.0,18536.0,16464.0,6944.0,0.0,7056.0,12320.0,12180.0,8596.0,4480.0,0.0,6496.0,5628.0,6356.0,7868.0,2464.0
20253,11440540,도화동,73444.0,44632.0,28812.0,0.0,13552.0,17948.0,18536.0,16464.0,6944.0,0.0,7056.0,12320.0,12180.0,8596.0,4480.0,0.0,6496.0,5628.0,6356.0,7868.0,2464.0
20254,11440540,도화동,73444.0,44632.0,28812.0,0.0,13552.0,17948.0,18536.0,16464.0,6944.0,0.0,7056.0,12320.0,12180.0,8596.0,4480.0,0.0,6496.0,5628.0,6356.0,7868.0,2464.0
20191,11440620,망원1동,148204.0,82068.0,66136.0,252.0,29736.0,36932.0,32396.0,30464.0,18424.0,112.0,15120.0,21112.0,18872.0,15624.0,11228.0,140.0,14616.0,15820.0,13524.0,14840.0,7196.0
20192,11440620,망원1동,148204.0,82068.0,66136.0,252.0,29736.0,36932.0,32396.0,30464.0,18424.0,112.0,15120.0,21112.0,18872.0,15624.0,11228.0,140.0,14616.0,15820.0,13524.0,14840.0,7196.0
20193,11440620,망원1동,148204.0,82068.0,66136.0,252.0,29736.0,36932.0,32396.0,30464.0,18424.0,112.0,15120.0,21112.0,18872.0,15624.0,11228.0,140.0,14616.0,15820.0,13524.0,14840.0,7196.0
20194,11440620,망원1동,148204.0,82068.0,66136.0,252.0,29736.0,36932.0,32396.0,30464.0,18424.0,112.0,15120.0,21112.0,18872.0,15624.0,11228.0,140.0,14616.0,15820.0,13524.0,14840.0,7196.0
20201,11440620,망원1동,148204.0,82068.0,66136.0,252.0,29736.0,36932.0,32396.0,30464.0,18424.0,112.0,15120.0,21112.0,18872.0,15624.0,11228.0,140.0,14616.0,15820.0,13524.0,14840.0,7196.0
20202,11440620,망원1동,148204.0,82068.0,66136.0,252.0,29736.0,36932.0,32396.0,30464.0,18424.0,112.0,15120.0,21112.0,18872.0,15624.0,11228.0,140.0,14616.0,15820.0,13524.0,14840.0,7196.0
20203,11440620,망원1동,148204.0,82068.0,66136.0,252.0,29736.0,36932.0,32396.0,30464.0,18424.0,112.0,15120.0,21112.0,18872.0,15624.0,11228.0,140.0,14616.0,15820.0,13524.0,14840.0,7196.0
20204,11440620,망원1동,151620.0,83944.0,67676.0,28.0,30324.0,38052.0,33404.0,31108.0,18704.0,28.0,15316.0,21700.0,19488.0,15960.0,11452.0,0.0,15008.0,16352.0,13916.0,15148.0,7252.0
20211,11440620,망원1동,151620.0,83944.0,67676.0,28.0,30324.0,38052.0,33404.0,31108.0,18704.0,28.0,15316.0,21700.0,19488.0,15960.0,11452.0,0.0,15008.0,16352.0,13916.0,15148.0,7252.0
20212,11440620,망원1동,151620.0,83944.0,67676.0,28.0,30324.0,38052.0,33404.0,31108.0,18704.0,28.0,15316.0,21700.0,19488.0,15960.0,11452.0,0.0,15008.0,16352.0,13916.0,15148.0,7252.0
20213,11440620,망원1동,151620.0,83944.0,67676.0,28.0,30324.0,38052.0,33404.0,31108.0,18704.0,28.0,15316.0,21700.0,19488.0,15960.0,11452.0,0.0,15008.0,16352.0,13916.0,15148.0,7252.0
20214,11440620,망원1동,142380.0,78484.0,63896.0,0.0,28364.0,35504.0,31528.0,29428.0,17556.0,0.0,14140.0,20160.0,18368.0,15008.0,10808.0,0.0,14224.0,15344.0,13160.0,14420.0,6748.0
20221,11440620,망원1동,142380.0,78484.0,63896.0,0.0,28364.0,35504.0,31528.0,29428.0,17556.0,0.0,14140.0,20160.0,18368.0,15008.0,10808.0,0.0,14224.0,15344.0,13160.0,14420.0,6748.0
20222,11440620,망원1동,142380.0,78484.0,63896.0,0.0,28364.0,35504.0,31528.0,29428.0,17556.0,0.0,14140.0,20160.0,18368.0,15008.0,10808.0,0.0,14224.0,15344.0,13160.0,14420.0,6748.0
20223,11440620,망원1동,142380.0,78484.0,63896.0,0.0,28364.0,35504.0,31528.0,29428.0,17556.0,0.0,14140.0,20160.0,18368.0,15008.0,10808.0,0.0,14224.0,15344.0,13160.0,14420.0,6748.0
20224,11440620,망원1동,144900.0,80724.0,64176.0,0.0,28448.0,35952.0,31948.0,30492.0,18060.0,0.0,14420.0,20692.0,18844.0,15568.0,11200.0,0.0,14028.0,15260.0,13104.0,14924.0,6860.0
20231,11440620,망원1동,144900.0,80724.0,64176.0,0.0,28448.0,35952.0,31948.0,30492.0,18060.0,0.0,14420.0,20692.0,18844.0,15568.0,11200.0,0.0,14028.0,15260.0,13104.0,14924.0,6860.0
20232,11440620,망원1동,144900.0,80724.0,64176.0,0.0,28448.0,35952.0,31948.0,30492.0,18060.0,0.0,14420.0,20692.0,18844.0,15568.0,11200.0,0.0,14028.0,15260.0,13104.0,14924.0,6860.0
20233,11440620,망원1동,144900.0,80724.0,64176.0,0.0,28448.0,35952.0,31948.0,30492.0,18060.0,0.0,14420.0,20692.0,18844.0,15568.0,11200.0,0.0,14028.0,15260.0,13104.0,14924.0,6860.0
20234,11440620,망원1동,113960.0,63084.0,50876.0,0.0,22988.0,28980.0,25256.0,22988.0,13748.0,0.0,11480.0,16352.0,14672.0,11844.0,8736.0,0.0,11508.0,12628.0,10584.0,11144.0,5012.0
20241,11440620,망원1동,113960.0,63084.0,50876.0,0.0,22988.0,28980.0,25256.0,22988.0,13748.0,0.0,11480.0,16352.0,14672.0,11844.0,8736.0,0.0,11508.0,12628.0,10584.0,11144.0,5012.0
20242,11440620,망원1동,113960.0,63084.0,50876.0,0.0,22988.0,28980.0,25256.0,22988.0,13748.0,0.0,11480.0,16352.0,14672.0,11844.0,8736.0,0.0,11508.0,12628.0,10584.0,11144.0,5012.0
20243,11440620,망원1동,113960.0,63084.0,50876.0,0.0,22988.0,28980.0,25256.0,22988.0,13748.0,0.0,11480.0,16352.0,14672.0,11844.0,8736.0,0.0,11508.0,12628.0,10584.0,11144.0,5012.0
20244,11440620,망원1동,148428.0,82264.0,66164.0,0.0,31136.0,38276.0,32732.0,29232.0,17052.0,0.0,15708.0,21588.0,18844.0,15204.0,10920.0,0.0,15428.0,16688.0,13888.0,14028.0,6132.0
20251,11440620,망원1동,148428.0,82264.0,66164.0,0.0,31136.0,38276.0,32732.0,29232.0,17052.0,0.0,15708.0,21588.0,18844.0,15204.0,10920.0,0.0,15428.0,16688.0,13888.0,14028.0,6132.0
20252,11440620,망원1동,148428.0,82264.0,66164.0,0.0,31136.0,38276.0,32732.0,29232.0,17052.0,0.0,15708.0,21588.0,18844.0,15204.0,10920.0,0.0,15428.0,16688.0,13888.0,14028.0,6132.0
20253,11440620,망원1동,148428.0,82264.0,66164.0,0.0,31136.0,38276.0,32732.0,29232.0,17052.0,0.0,15708.0,21588.0,18844.0,15204.0,10920.0,0.0,15428.0,16688.0,13888.0,14028.0,6132.0
20254,11440620,망원1동,148428.0,82264.0,66164.0,0.0,31136.0,38276.0,32732.0,29232.0,17052.0,0.0,15708.0,21588.0,18844.0,15204.0,10920.0,0.0,15428.0,16688.0,13888.0,14028.0,6132.0
20191,11440660,망원2동,,,,,,,,,,,,,,,,,,,,,
20192,11440660,망원2동,,,,,,,,,,,,,,,,,,,,,
20193,11440660,망원2동,,,,,,,,,,,,,,,,,,,,,
20194,11440660,망원2동,,,,,,,,,,,,,,,,,,,,,
20201,11440660,망원2동,,,,,,,,,,,,,,,,,,,,,
20202,11440660,망원2동,,,,,,,,,,,,,,,,,,,,,
20203,11440660,망원2동,,,,,,,,,,,,,,,,,,,,,
20204,11440660,망원2동,,,,,,,,,,,,,,,,,,,,,
20211,11440660,망원2동,,,,,,,,,,,,,,,,,,,,,
20212,11440660,망원2동,,,,,,,,,,,,,,,,,,,,,
20213,11440660,망원2동,,,,,,,,,,,,,,,,,,,,,
20214,11440660,망원2동,,,,,,,,,,,,,,,,,,,,,
20221,11440660,망원2동,,,,,,,,,,,,,,,,,,,,,
20222,11440660,망원2동,,,,,,,,,,,,,,,,,,,,,
20223,11440660,망원2동,,,,,,,,,,,,,,,,,,,,,
20224,11440660,망원2동,,,,,,,,,,,,,,,,,,,,,
20231,11440660,망원2동,,,,,,,,,,,,,,,,,,,,,
20232,11440660,망원2동,,,,,,,,,,,,,,,,,,,,,
20233,11440660,망원2동,,,,,,,,,,,,,,,,,,,,,
20234,11440660,망원2동,,,,,,,,,,,,,,,,,,,,,
20241,11440660,망원2동,,,,,,,,,,,,,,,,,,,,,
20242,11440660,망원2동,,,,,,,,,,,,,,,,,,,,,
20243,11440660,망원2동,,,,,,,,,,,,,,,,,,,,,
20244,11440660,망원2동,,,,,,,,,,,,,,,,,,,,,
20251,11440660,망원2동,,,,,,,,,,,,,,,,,,,,,
20252,11440660,망원2동,,,,,,,,,,,,,,,,,,,,,
20253,11440660,망원2동,,,,,,,,,,,,,,,,,,,,,
20254,11440660,망원2동,,,,,,,,,,,,,,,,,,,,,
20191,11440740,상암동,17640.0,10864.0,6776.0,0.0,3724.0,6468.0,4928.0,2044.0,476.0,0.0,1596.0,4088.0,3332.0,1372.0,476.0,0.0,2128.0,2380.0,1596.0,672.0,0.0
20192,11440740,상암동,17640.0,10864.0,6776.0,0.0,3724.0,6468.0,4928.0,2044.0,476.0,0.0,1596.0,4088.0,3332.0,1372.0,476.0,0.0,2128.0,2380.0,1596.0,672.0,0.0
20193,11440740,상암동,17640.0,10864.0,6776.0,0.0,3724.0,6468.0,4928.0,2044.0,476.0,0.0,1596.0,4088.0,3332.0,1372.0,476.0,0.0,2128.0,2380.0,1596.0,672.0,0.0
20194,11440740,상암동,17640.0,10864.0,6776.0,0.0,3724.0,6468.0,4928.0,2044.0,476.0,0.0,1596.0,4088.0,3332.0,1372.0,476.0,0.0,2128.0,2380.0,1596.0,672.0,0.0
20201,11440740,상암동,17640.0,10864.0,6776.0,0.0,3724.0,6468.0,4928.0,2044.0,476.0,0.0,1596.0,4088.0,3332.0,1372.0,476.0,0.0,2128.0,2380.0,1596.0,672.0,0.0
20202,11440740,상암동,17640.0,10864.0,6776.0,0.0,3724.0,6468.0,4928.0,2044.0,476.0,0.0,1596.0,4088.0,3332.0,1372.0,476.0,0.0,2128.0,2380.0,1596.0,672.0,0.0
20203,11440740,상암동,17640.0,10864.0,6776.0,0.0,3724.0,6468.0,4928.0,2044.0,476.0,0.0,1596.0,4088.0,3332.0,1372.0,476.0,0.0,2128.0,2380.0,1596.0,672.0,0.0
20204,11440740,상암동,19432.0,11956.0,7476.0,0.0,4200.0,7028.0,5348.0,2240.0,616.0,0.0,1932.0,4396.0,3472.0,1540.0,616.0,0.0,2268.0,2632.0,1876.0,700.0,0.0
20211,11440740,상암동,19432.0,11956.0,7476.0,0.0,4200.0,7028.0,5348.0,2240.0,616.0,0.0,1932.0,4396.0,3472.0,1540.0,616.0,0.0,2268.0,2632.0,1876.0,700.0,0.0
20212,11440740,상암동,19432.0,11956.0,7476.0,0.0,4200.0,7028.0,5348.0,2240.0,616.0,0.0,1932.0,4396.0,3472.0,1540.0,616.0,0.0,2268.0,2632.0,1876.0,700.0,0.0
20213,11440740,상암동,19432.0,11956.0,7476.0,0.0,4200.0,7028.0,5348.0,2240.0,616.0,0.0,1932.0,4396.0,3472.0,1540.0,616.0,0.0,2268.0,2632.0,1876.0,700.0,0.0
20214,11440740,상암동,20188.0,12488.0,7700.0,0.0,4312.0,7644.0,5488.0,2240.0,504.0,0.0,1848.0,4760.0,3696.0,1680.0,504.0,0.0,2464.0,2884.0,1792.0,560.0,0.0
20221,11440740,상암동,20188.0,12488.0,7700.0,0.0,4312.0,7644.0,5488.0,2240.0,504.0,0.0,1848.0,4760.0,3696.0,1680.0,504.0,0.0,2464.0,2884.0,1792.0,560.0,0.0
20222,11440740,상암동,20188.0,12488.0,7700.0,0.0,4312.0,7644.0,5488.0,2240.0,504.0,0.0,1848.0,4760.0,3696.0,1680.0,504.0,0.0,2464.0,2884.0,1792.0,560.0,0.0
20223,11440740,상암동,20188.0,12488.0,7700.0,0.0,4312.0,7644.0,5488.0,2240.0,504.0,0.0,1848.0,4760.0,3696.0,1680.0,504.0,0.0,2464.0,2884.0,1792.0,560.0,0.0
20224,11440740,상암동,16044.0,10052.0,5992.0,0.0,3500.0,5964.0,4480.0,1764.0,336.0,0.0,1568.0,3780.0,2940.0,1428.0,336.0,0.0,1932.0,2184.0,1540.0,336.0,0.0
20231,11440740,상암동,16044.0,10052.0,5992.0,0.0,3500.0,5964.0,4480.0,1764.0,336.0,0.0,1568.0,3780.0,2940.0,1428.0,336.0,0.0,1932.0,2184.0,1540.0,336.0,0.0
20232,11440740,상암동,16044.0,10052.0,5992.0,0.0,3500.0,5964.0,4480.0,1764.0,336.0,0.0,1568.0,3780.0,2940.0,1428.0,336.0,0.0,1932.0,2184.0,1540.0,336.0,0.0
20233,11440740,상암동,16044.0,10052.0,5992.0,0.0,3500.0,5964.0,4480.0,1764.0,336.0,0.0,1568.0,3780.0,2940.0,1428.0,336.0,0.0,1932.0,2184.0,1540.0,336.0,0.0
20234,11440740,상암동,19516.0,12068.0,7448.0,0.0,4228.0,7280.0,5404.0,2100.0,504.0,0.0,1820.0,4592.0,3584.0,1568.0,504.0,0.0,2408.0,2688.0,1820.0,532.0,0.0
20241,11440740,상암동,19516.0,12068.0,7448.0,0.0,4228.0,7280.0,5404.0,2100.0,504.0,0.0,1820.0,4592.0,3584.0,1568.0,504.0,0.0,2408.0,2688.0,1820.0,532.0,0.0
20242,11440740,상암동,19516.0,12068.0,7448.0,0.0,4228.0,7280.0,5404.0,2100.0,504.0,0.0,1820.0,4592.0,3584.0,1568.0,504.0,0.0,2408.0,2688.0,1820.0,532.0,0.0
20243,11440740,상암동,19516.0,12068.0,7448.0,0.0,4228.0,7280.0,5404.0,2100.0,504.0,0.0,1820.0,4592.0,3584.0,1568.0,504.0,0.0,2408.0,2688.0,1820.0,532.0,0.0
20244,11440740,상암동,25984.0,16156.0,9828.0,0.0,5432.0,9716.0,7196.0,2912.0,728.0,0.0,2408.0,6104.0,4788.0,2128.0,728.0,0.0,3024.0,3612.0,2408.0,784.0,0.0
20251,11440740,상암동,25984.0,16156.0,9828.0,0.0,5432.0,9716.0,7196.0,2912.0,728.0,0.0,2408.0,6104.0,4788.0,2128.0,728.0,0.0,3024.0,3612.0,2408.0,784.0,0.0
20252,11440740,상암동,25984.0,16156.0,9828.0,0.0,5432.0,9716.0,7196.0,2912.0,728.0,0.0,2408.0,6104.0,4788.0,2128.0,728.0,0.0,3024.0,3612.0,2408.0,784.0,0.0
20253,11440740,상암동,25984.0,16156.0,9828.0,0.0,5432.0,9716.0,7196.0,2912.0,728.0,0.0,2408.0,6104.0,4788.0,2128.0,728.0,0.0,3024.0,3612.0,2408.0,784.0,0.0
20254,11440740,상암동,25984.0,16156.0,9828.0,0.0,5432.0,9716.0,7196.0,2912.0,728.0,0.0,2408.0,6104.0,4788.0,2128.0,728.0,0.0,3024.0,3612.0,2408.0,784.0,0.0
20191,11440590,서강동,177772.0,95116.0,82656.0,364.0,40208.0,44576.0,39452.0,35056.0,18116.0,56.0,15764.0,21784.0,22036.0,22596.0,12880.0,308.0,24444.0,22792.0,17416.0,12460.0,5236.0
20192,11440590,서강동,177772.0,95116.0,82656.0,364.0,40208.0,44576.0,39452.0,35056.0,18116.0,56.0,15764.0,21784.0,22036.0,22596.0,12880.0,308.0,24444.0,22792.0,17416.0,12460.0,5236.0
20193,11440590,서강동,177772.0,95116.0,82656.0,364.0,40208.0,44576.0,39452.0,35056.0,18116.0,56.0,15764.0,21784.0,22036.0,22596.0,12880.0,308.0,24444.0,22792.0,17416.0,12460.0,5236.0
20194,11440590,서강동,177772.0,95116.0,82656.0,364.0,40208.0,44576.0,39452.0,35056.0,18116.0,56.0,15764.0,21784.0,22036.0,22596.0,12880.0,308.0,24444.0,22792.0,17416.0,12460.0,5236.0
20201,11440590,서강동,177772.0,95116.0,82656.0,364.0,40208.0,44576.0,39452.0,35056.0,18116.0,56.0,15764.0,21784.0,22036.0,22596.0,12880.0,308.0,24444.0,22792.0,17416.0,12460.0,5236.0
20202,11440590,서강동,177772.0,95116.0,82656.0,364.0,40208.0,44576.0,39452.0,35056.0,18116.0,56.0,15764.0,21784.0,22036.0,22596.0,12880.0,308.0,24444.0,22792.0,17416.0,12460.0,5236.0
20203,11440590,서강동,177772.0,95116.0,82656.0,364.0,40208.0,44576.0,39452.0,35056.0,18116.0,56.0,15764.0,21784.0,22036.0,22596.0,12880.0,308.0,24444.0,22792.0,17416.0,12460.0,5236.0
20204,11440590,서강동,204204.0,109004.0,95200.0,252.0,47628.0,51464.0,44604.0,39284.0,20972.0,28.0,18704.0,25368.0,25032.0,25060.0,14812.0,224.0,28924.0,26096.0,19572.0,14224.0,6160.0
20211,11440590,서강동,204204.0,109004.0,95200.0,252.0,47628.0,51464.0,44604.0,39284.0,20972.0,28.0,18704.0,25368.0,25032.0,25060.0,14812.0,224.0,28924.0,26096.0,19572.0,14224.0,6160.0
20212,11440590,서강동,204204.0,109004.0,95200.0,252.0,47628.0,51464.0,44604.0,39284.0,20972.0,28.0,18704.0,25368.0,25032.0,25060.0,14812.0,224.0,28924.0,26096.0,19572.0,14224.0,6160.0
20213,11440590,서강동,204204.0,109004.0,95200.0,252.0,47628.0,51464.0,44604.0,39284.0,20972.0,28.0,18704.0,25368.0,25032.0,25060.0,14812.0,224.0,28924.0,26096.0,19572.0,14224.0,6160.0
20214,11440590,서강동,182252.0,98028.0,84224.0,28.0,42000.0,46340.0,40432.0,35588.0,17864.0,0.0,16548.0,22708.0,22820.0,22764.0,13188.0,28.0,25452.0,23632.0,17612.0,12824.0,4676.0
20221,11440590,서강동,182252.0,98028.0,84224.0,28.0,42000.0,46340.0,40432.0,35588.0,17864.0,0.0,16548.0,22708.0,22820.0,22764.0,13188.0,28.0,25452.0,23632.0,17612.0,12824.0,4676.0
20222,11440590,서강동,182252.0,98028.0,84224.0,28.0,42000.0,46340.0,40432.0,35588.0,17864.0,0.0,16548.0,22708.0,22820.0,22764.0,13188.0,28.0,25452.0,23632.0,17612.0,12824.0,4676.0
20223,11440590,서강동,182252.0,98028.0,84224.0,28.0,42000.0,46340.0,40432.0,35588.0,17864.0,0.0,16548.0,22708.0,22820.0,22764.0,13188.0,28.0,25452.0,23632.0,17612.0,12824.0,4676.0
20224,11440590,서강동,180068.0,96964.0,83104.0,0.0,42532.0,46004.0,39396.0,34860.0,17276.0,0.0,16492.0,22820.0,22344.0,22596.0,12712.0,0.0,26040.0,23184.0,17052.0,12264.0,4564.0
20231,11440590,서강동,180068.0,96964.0,83104.0,0.0,42532.0,46004.0,39396.0,34860.0,17276.0,0.0,16492.0,22820.0,22344.0,22596.0,12712.0,0.0,26040.0,23184.0,17052.0,12264.0,4564.0
20232,11440590,서강동,180068.0,96964.0,83104.0,0.0,42532.0,46004.0,39396.0,34860.0,17276.0,0.0,16492.0,22820.0,22344.0,22596.0,12712.0,0.0,26040.0,23184.0,17052.0,12264.0,4564.0
20233,11440590,서강동,180068.0,96964.0,83104.0,0.0,42532.0,46004.0,39396.0,34860.0,17276.0,0.0,16492.0,22820.0,22344.0,22596.0,12712.0,0.0,26040.0,23184.0,17052.0,12264.0,4564.0
20234,11440590,서강동,154756.0,82600.0,72156.0,0.0,37772.0,39424.0,33516.0,29456.0,14588.0,0.0,14448.0,19488.0,18816.0,18844.0,11004.0,0.0,23324.0,19936.0,14700.0,10612.0,3584.0
20241,11440590,서강동,154756.0,82600.0,72156.0,0.0,37772.0,39424.0,33516.0,29456.0,14588.0,0.0,14448.0,19488.0,18816.0,18844.0,11004.0,0.0,23324.0,19936.0,14700.0,10612.0,3584.0
20242,11440590,서강동,154756.0,82600.0,72156.0,0.0,37772.0,39424.0,33516.0,29456.0,14588.0,0.0,14448.0,19488.0,18816.0,18844.0,11004.0,0.0,23324.0,19936.0,14700.0,10612.0,3584.0
20243,11440590,서강동,154756.0,82600.0,72156.0,0.0,37772.0,39424.0,33516.0,29456.0,14588.0,0.0,14448.0,19488.0,18816.0,18844.0,11004.0,0.0,23324.0,19936.0,14700.0,10612.0,3584.0
20244,11440590,서강동,178444.0,95928.0,82516.0,0.0,42196.0,45696.0,39284.0,34972.0,16296.0,0.0,16100.0,22456.0,22316.0,22596.0,12460.0,0.0,26096.0,23240.0,16968.0,12376.0,3836.0
20251,11440590,서강동,178444.0,95928.0,82516.0,0.0,42196.0,45696.0,39284.0,34972.0,16296.0,0.0,16100.0,22456.0,22316.0,22596.0,12460.0,0.0,26096.0,23240.0,16968.0,12376.0,3836.0
20252,11440590,서강동,178444.0,95928.0,82516.0,0.0,42196.0,45696.0,39284.0,34972.0,16296.0,0.0,16100.0,22456.0,22316.0,22596.0,12460.0,0.0,26096.0,23240.0,16968.0,12376.0,3836.0
20253,11440590,서강동,178444.0,95928.0,82516.0,0.0,42196.0,45696.0,39284.0,34972.0,16296.0,0.0,16100.0,22456.0,22316.0,22596.0,12460.0,0.0,26096.0,23240.0,16968.0,12376.0,3836.0
20254,11440590,서강동,178444.0,95928.0,82516.0,0.0,42196.0,45696.0,39284.0,34972.0,16296.0,0.0,16100.0,22456.0,22316.0,22596.0,12460.0,0.0,26096.0,23240.0,16968.0,12376.0,3836.0
20191,11440600,서교동,765464.0,419636.0,345828.0,1428.0,149688.0,207704.0,182028.0,136808.0,87808.0,1148.0,63560.0,108444.0,106400.0,81480.0,58604.0,280.0,86128.0,99260.0,75628.0,55328.0,29204.0
20192,11440600,서교동,765464.0,419636.0,345828.0,1428.0,149688.0,207704.0,182028.0,136808.0,87808.0,1148.0,63560.0,108444.0,106400.0,81480.0,58604.0,280.0,86128.0,99260.0,75628.0,55328.0,29204.0
20193,11440600,서교동,765464.0,419636.0,345828.0,1428.0,149688.0,207704.0,182028.0,136808.0,87808.0,1148.0,63560.0,108444.0,106400.0,81480.0,58604.0,280.0,86128.0,99260.0,75628.0,55328.0,29204.0
20194,11440600,서교동,765464.0,419636.0,345828.0,1428.0,149688.0,207704.0,182028.0,136808.0,87808.0,1148.0,63560.0,108444.0,106400.0,81480.0,58604.0,280.0,86128.0,99260.0,75628.0,55328.0,29204.0
20201,11440600,서교동,765464.0,419636.0,345828.0,1428.0,149688.0,207704.0,182028.0,136808.0,87808.0,1148.0,63560.0,108444.0,106400.0,81480.0,58604.0,280.0,86128.0,99260.0,75628.0,55328.0,29204.0
20202,11440600,서교동,765464.0,419636.0,345828.0,1428.0,149688.0,207704.0,182028.0,136808.0,87808.0,1148.0,63560.0,108444.0,106400.0,81480.0,58604.0,280.0,86128.0,99260.0,75628.0,55328.0,29204.0
20203,11440600,서교동,765464.0,419636.0,345828.0,1428.0,149688.0,207704.0,182028.0,136808.0,87808.0,1148.0,63560.0,108444.0,106400.0,81480.0,58604.0,280.0,86128.0,99260.0,75628.0,55328.0,29204.0
20204,11440600,서교동,769608.0,426300.0,343308.0,280.0,149212.0,209216.0,184464.0,139944.0,86492.0,280.0,63784.0,110068.0,108808.0,85120.0,58240.0,0.0,85428.0,99148.0,75656.0,54824.0,28252.0
20211,11440600,서교동,769608.0,426300.0,343308.0,280.0,149212.0,209216.0,184464.0,139944.0,86492.0,280.0,63784.0,110068.0,108808.0,85120.0,58240.0,0.0,85428.0,99148.0,75656.0,54824.0,28252.0
20212,11440600,서교동,769608.0,426300.0,343308.0,280.0,149212.0,209216.0,184464.0,139944.0,86492.0,280.0,63784.0,110068.0,108808.0,85120.0,58240.0,0.0,85428.0,99148.0,75656.0,54824.0,28252.0
20213,11440600,서교동,769608.0,426300.0,343308.0,280.0,149212.0,209216.0,184464.0,139944.0,86492.0,280.0,63784.0,110068.0,108808.0,85120.0,58240.0,0.0,85428.0,99148.0,75656.0,54824.0,28252.0
20214,11440600,서교동,755412.0,416472.0,338940.0,0.0,147224.0,205940.0,180460.0,136416.0,85372.0,0.0,62692.0,107940.0,105952.0,82208.0,57680.0,0.0,84532.0,98000.0,74508.0,54208.0,27692.0
20221,11440600,서교동,755412.0,416472.0,338940.0,0.0,147224.0,205940.0,180460.0,136416.0,85372.0,0.0,62692.0,107940.0,105952.0,82208.0,57680.0,0.0,84532.0,98000.0,74508.0,54208.0,27692.0
20222,11440600,서교동,755412.0,416472.0,338940.0,0.0,147224.0,205940.0,180460.0,136416.0,85372.0,0.0,62692.0,107940.0,105952.0,82208.0,57680.0,0.0,84532.0,98000.0,74508.0,54208.0,27692.0
20223,11440600,서교동,755412.0,416472.0,338940.0,0.0,147224.0,205940.0,180460.0,136416.0,85372.0,0.0,62692.0,107940.0,105952.0,82208.0,57680.0,0.0,84532.0,98000.0,74508.0,54208.0,27692.0
20224,11440600,서교동,701932.0,386652.0,315280.0,0.0,136724.0,190792.0,167244.0,126308.0,80864.0,0.0,58296.0,100044.0,98084.0,75544.0,54684.0,0.0,78428.0,90748.0,69160.0,50764.0,26180.0
20231,11440600,서교동,701932.0,386652.0,315280.0,0.0,136724.0,190792.0,167244.0,126308.0,80864.0,0.0,58296.0,100044.0,98084.0,75544.0,54684.0,0.0,78428.0,90748.0,69160.0,50764.0,26180.0
20232,11440600,서교동,701932.0,386652.0,315280.0,0.0,136724.0,190792.0,167244.0,126308.0,80864.0,0.0,58296.0,100044.0,98084.0,75544.0,54684.0,0.0,78428.0,90748.0,69160.0,50764.0,26180.0
20233,11440600,서교동,701932.0,386652.0,315280.0,0.0,136724.0,190792.0,167244.0,126308.0,80864.0,0.0,58296.0,100044.0,98084.0,75544.0,54684.0,0.0,78428.0,90748.0,69160.0,50764.0,26180.0
20234,11440600,서교동,702072.0,385056.0,317016.0,0.0,137312.0,190876.0,167188.0,126028.0,80668.0,0.0,58212.0,99792.0,97804.0,74984.0,54264.0,0.0,79100.0,91084.0,69384.0,51044.0,26404.0
20241,11440600,서교동,702072.0,385056.0,317016.0,0.0,137312.0,190876.0,167188.0,126028.0,80668.0,0.0,58212.0,99792.0,97804.0,74984.0,54264.0,0.0,79100.0,91084.0,69384.0,51044.0,26404.0
20242,11440600,서교동,702072.0,385056.0,317016.0,0.0,137312.0,190876.0,167188.0,126028.0,80668.0,0.0,58212.0,99792.0,97804.0,74984.0,54264.0,0.0,79100.0,91084.0,69384.0,51044.0,26404.0
20243,11440600,서교동,702072.0,385056.0,317016.0,0.0,137312.0,190876.0,167188.0,126028.0,80668.0,0.0,58212.0,99792.0,97804.0,74984.0,54264.0,0.0,79100.0,91084.0,69384.0,51044.0,26404.0
20244,11440600,서교동,743792.0,414568.0,329224.0,0.0,142996.0,201040.0,178556.0,136220.0,84980.0,0.0,60956.0,105980.0,105448.0,83048.0,59136.0,0.0,82040.0,95060.0,73108.0,53172.0,25844.0
20251,11440600,서교동,743792.0,414568.0,329224.0,0.0,142996.0,201040.0,178556.0,136220.0,84980.0,0.0,60956.0,105980.0,105448.0,83048.0,59136.0,0.0,82040.0,95060.0,73108.0,53172.0,25844.0
20252,11440600,서교동,743792.0,414568.0,329224.0,0.0,142996.0,201040.0,178556.0,136220.0,84980.0,0.0,60956.0,105980.0,105448.0,83048.0,59136.0,0.0,82040.0,95060.0,73108.0,53172.0,25844.0
20253,11440600,서교동,743792.0,414568.0,329224.0,0.0,142996.0,201040.0,178556.0,136220.0,84980.0,0.0,60956.0,105980.0,105448.0,83048.0,59136.0,0.0,82040.0,95060.0,73108.0,53172.0,25844.0
20254,11440600,서교동,743792.0,414568.0,329224.0,0.0,142996.0,201040.0,178556.0,136220.0,84980.0,0.0,60956.0,105980.0,105448.0,83048.0,59136.0,0.0,82040.0,95060.0,73108.0,53172.0,25844.0
20191,11440710,성산1동,28896.0,16548.0,12348.0,28.0,4508.0,7924.0,7504.0,5600.0,3332.0,28.0,1960.0,4284.0,4676.0,3388.0,2212.0,0.0,2548.0,3640.0,2828.0,2212.0,1120.0
20192,11440710,성산1동,28896.0,16548.0,12348.0,28.0,4508.0,7924.0,7504.0,5600.0,3332.0,28.0,1960.0,4284.0,4676.0,3388.0,2212.0,0.0,2548.0,3640.0,2828.0,2212.0,1120.0
20193,11440710,성산1동,28896.0,16548.0,12348.0,28.0,4508.0,7924.0,7504.0,5600.0,3332.0,28.0,1960.0,4284.0,4676.0,3388.0,2212.0,0.0,2548.0,3640.0,2828.0,2212.0,1120.0
20194,11440710,성산1동,28896.0,16548.0,12348.0,28.0,4508.0,7924.0,7504.0,5600.0,3332.0,28.0,1960.0,4284.0,4676.0,3388.0,2212.0,0.0,2548.0,3640.0,2828.0,2212.0,1120.0
20201,11440710,성산1동,28896.0,16548.0,12348.0,28.0,4508.0,7924.0,7504.0,5600.0,3332.0,28.0,1960.0,4284.0,4676.0,3388.0,2212.0,0.0,2548.0,3640.0,2828.0,2212.0,1120.0
20202,11440710,성산1동,28896.0,16548.0,12348.0,28.0,4508.0,7924.0,7504.0,5600.0,3332.0,28.0,1960.0,4284.0,4676.0,3388.0,2212.0,0.0,2548.0,3640.0,2828.0,2212.0,1120.0
20203,11440710,성산1동,28896.0,16548.0,12348.0,28.0,4508.0,7924.0,7504.0,5600.0,3332.0,28.0,1960.0,4284.0,4676.0,3388.0,2212.0,0.0,2548.0,3640.0,2828.0,2212.0,1120.0
20204,11440710,성산1동,28672.0,16436.0,12236.0,0.0,4564.0,7728.0,7560.0,5628.0,3192.0,0.0,1960.0,4312.0,4648.0,3332.0,2184.0,0.0,2604.0,3416.0,2912.0,2296.0,1008.0
20211,11440710,성산1동,28672.0,16436.0,12236.0,0.0,4564.0,7728.0,7560.0,5628.0,3192.0,0.0,1960.0,4312.0,4648.0,3332.0,2184.0,0.0,2604.0,3416.0,2912.0,2296.0,1008.0
20212,11440710,성산1동,28672.0,16436.0,12236.0,0.0,4564.0,7728.0,7560.0,5628.0,3192.0,0.0,1960.0,4312.0,4648.0,3332.0,2184.0,0.0,2604.0,3416.0,2912.0,2296.0,1008.0
20213,11440710,성산1동,28672.0,16436.0,12236.0,0.0,4564.0,7728.0,7560.0,5628.0,3192.0,0.0,1960.0,4312.0,4648.0,3332.0,2184.0,0.0,2604.0,3416.0,2912.0,2296.0,1008.0
20214,11440710,성산1동,32704.0,19124.0,13580.0,0.0,5040.0,8736.0,8708.0,6552.0,3668.0,0.0,2296.0,4900.0,5376.0,3892.0,2660.0,0.0,2744.0,3836.0,3332.0,2660.0,1008.0
20221,11440710,성산1동,32704.0,19124.0,13580.0,0.0,5040.0,8736.0,8708.0,6552.0,3668.0,0.0,2296.0,4900.0,5376.0,3892.0,2660.0,0.0,2744.0,3836.0,3332.0,2660.0,1008.0
20222,11440710,성산1동,32704.0,19124.0,13580.0,0.0,5040.0,8736.0,8708.0,6552.0,3668.0,0.0,2296.0,4900.0,5376.0,3892.0,2660.0,0.0,2744.0,3836.0,3332.0,2660.0,1008.0
20223,11440710,성산1동,32704.0,19124.0,13580.0,0.0,5040.0,8736.0,8708.0,6552.0,3668.0,0.0,2296.0,4900.0,5376.0,3892.0,2660.0,0.0,2744.0,3836.0,3332.0,2660.0,1008.0
20224,11440710,성산1동,33012.0,18984.0,14028.0,0.0,5124.0,8988.0,8848.0,6524.0,3528.0,0.0,2184.0,4900.0,5460.0,3920.0,2520.0,0.0,2940.0,4088.0,3388.0,2604.0,1008.0
20231,11440710,성산1동,33012.0,18984.0,14028.0,0.0,5124.0,8988.0,8848.0,6524.0,3528.0,0.0,2184.0,4900.0,5460.0,3920.0,2520.0,0.0,2940.0,4088.0,3388.0,2604.0,1008.0
20232,11440710,성산1동,33012.0,18984.0,14028.0,0.0,5124.0,8988.0,8848.0,6524.0,3528.0,0.0,2184.0,4900.0,5460.0,3920.0,2520.0,0.0,2940.0,4088.0,3388.0,2604.0,1008.0
20233,11440710,성산1동,33012.0,18984.0,14028.0,0.0,5124.0,8988.0,8848.0,6524.0,3528.0,0.0,2184.0,4900.0,5460.0,3920.0,2520.0,0.0,2940.0,4088.0,3388.0,2604.0,1008.0
20234,11440710,성산1동,32144.0,18424.0,13720.0,0.0,5040.0,8820.0,8764.0,6328.0,3192.0,0.0,2072.0,4704.0,5376.0,3864.0,2408.0,0.0,2968.0,4116.0,3388.0,2464.0,784.0
20241,11440710,성산1동,32144.0,18424.0,13720.0,0.0,5040.0,8820.0,8764.0,6328.0,3192.0,0.0,2072.0,4704.0,5376.0,3864.0,2408.0,0.0,2968.0,4116.0,3388.0,2464.0,784.0
20242,11440710,성산1동,32144.0,18424.0,13720.0,0.0,5040.0,8820.0,8764.0,6328.0,3192.0,0.0,2072.0,4704.0,5376.0,3864.0,2408.0,0.0,2968.0,4116.0,3388.0,2464.0,784.0
20243,11440710,성산1동,32144.0,18424.0,13720.0,0.0,5040.0,8820.0,8764.0,6328.0,3192.0,0.0,2072.0,4704.0,5376.0,3864.0,2408.0,0.0,2968.0,4116.0,3388.0,2464.0,784.0
20244,11440710,성산1동,31080.0,17948.0,13132.0,0.0,4816.0,8428.0,8568.0,6076.0,3192.0,0.0,2044.0,4536.0,5292.0,3668.0,2408.0,0.0,2772.0,3892.0,3276.0,2408.0,784.0
20251,11440710,성산1동,31080.0,17948.0,13132.0,0.0,4816.0,8428.0,8568.0,6076.0,3192.0,0.0,2044.0,4536.0,5292.0,3668.0,2408.0,0.0,2772.0,3892.0,3276.0,2408.0,784.0
20252,11440710,성산1동,31080.0,17948.0,13132.0,0.0,4816.0,8428.0,8568.0,6076.0,3192.0,0.0,2044.0,4536.0,5292.0,3668.0,2408.0,0.0,2772.0,3892.0,3276.0,2408.0,784.0
20253,11440710,성산1동,31080.0,17948.0,13132.0,0.0,4816.0,8428.0,8568.0,6076.0,3192.0,0.0,2044.0,4536.0,5292.0,3668.0,2408.0,0.0,2772.0,3892.0,3276.0,2408.0,784.0
20254,11440710,성산1동,31080.0,17948.0,13132.0,0.0,4816.0,8428.0,8568.0,6076.0,3192.0,0.0,2044.0,4536.0,5292.0,3668.0,2408.0,0.0,2772.0,3892.0,3276.0,2408.0,784.0
20191,11440720,성산2동,,,,,,,,,,,,,,,,,,,,,
20192,11440720,성산2동,,,,,,,,,,,,,,,,,,,,,
20193,11440720,성산2동,,,,,,,,,,,,,,,,,,,,,
20194,11440720,성산2동,,,,,,,,,,,,,,,,,,,,,
20201,11440720,성산2동,,,,,,,,,,,,,,,,,,,,,
20202,11440720,성산2동,,,,,,,,,,,,,,,,,,,,,
20203,11440720,성산2동,,,,,,,,,,,,,,,,,,,,,
20204,11440720,성산2동,,,,,,,,,,,,,,,,,,,,,
20211,11440720,성산2동,,,,,,,,,,,,,,,,,,,,,
20212,11440720,성산2동,,,,,,,,,,,,,,,,,,,,,
20213,11440720,성산2동,,,,,,,,,,,,,,,,,,,,,
20214,11440720,성산2동,,,,,,,,,,,,,,,,,,,,,
20221,11440720,성산2동,,,,,,,,,,,,,,,,,,,,,
20222,11440720,성산2동,,,,,,,,,,,,,,,,,,,,,
20223,11440720,성산2동,,,,,,,,,,,,,,,,,,,,,
20224,11440720,성산2동,,,,,,,,,,,,,,,,,,,,,
20231,11440720,성산2동,,,,,,,,,,,,,,,,,,,,,
20232,11440720,성산2동,,,,,,,,,,,,,,,,,,,,,
20233,11440720,성산2동,,,,,,,,,,,,,,,,,,,,,
20234,11440720,성산2동,,,,,,,,,,,,,,,,,,,,,
20241,11440720,성산2동,,,,,,,,,,,,,,,,,,,,,
20242,11440720,성산2동,,,,,,,,,,,,,,,,,,,,,
20243,11440720,성산2동,,,,,,,,,,,,,,,,,,,,,
20244,11440720,성산2동,,,,,,,,,,,,,,,,,,,,,
20251,11440720,성산2동,,,,,,,,,,,,,,,,,,,,,
20252,11440720,성산2동,,,,,,,,,,,,,,,,,,,,,
20253,11440720,성산2동,,,,,,,,,,,,,,,,,,,,,
20254,11440720,성산2동,,,,,,,,,,,,,,,,,,,,,
20191,11440580,신수동,30492.0,17360.0,13132.0,28.0,3696.0,8484.0,8540.0,7364.0,2380.0,28.0,1400.0,3976.0,4872.0,5236.0,1848.0,0.0,2296.0,4508.0,3668.0,2128.0,532.0
20192,11440580,신수동,30492.0,17360.0,13132.0,28.0,3696.0,8484.0,8540.0,7364.0,2380.0,28.0,1400.0,3976.0,4872.0,5236.0,1848.0,0.0,2296.0,4508.0,3668.0,2128.0,532.0
20193,11440580,신수동,30492.0,17360.0,13132.0,28.0,3696.0,8484.0,8540.0,7364.0,2380.0,28.0,1400.0,3976.0,4872.0,5236.0,1848.0,0.0,2296.0,4508.0,3668.0,2128.0,532.0
20194,11440580,신수동,30492.0,17360.0,13132.0,28.0,3696.0,8484.0,8540.0,7364.0,2380.0,28.0,1400.0,3976.0,4872.0,5236.0,1848.0,0.0,2296.0,4508.0,3668.0,2128.0,532.0
20201,11440580,신수동,30492.0,17360.0,13132.0,28.0,3696.0,8484.0,8540.0,7364.0,2380.0,28.0,1400.0,3976.0,4872.0,5236.0,1848.0,0.0,2296.0,4508.0,3668.0,2128.0,532.0
20202,11440580,신수동,30492.0,17360.0,13132.0,28.0,3696.0,8484.0,8540.0,7364.0,2380.0,28.0,1400.0,3976.0,4872.0,5236.0,1848.0,0.0,2296.0,4508.0,3668.0,2128.0,532.0
20203,11440580,신수동,30492.0,17360.0,13132.0,28.0,3696.0,8484.0,8540.0,7364.0,2380.0,28.0,1400.0,3976.0,4872.0,5236.0,1848.0,0.0,2296.0,4508.0,3668.0,2128.0,532.0
20204,11440580,신수동,28476.0,16156.0,12320.0,0.0,3472.0,7868.0,8008.0,6916.0,2212.0,0.0,1288.0,3668.0,4592.0,4844.0,1764.0,0.0,2184.0,4200.0,3416.0,2072.0,448.0
20211,11440580,신수동,28476.0,16156.0,12320.0,0.0,3472.0,7868.0,8008.0,6916.0,2212.0,0.0,1288.0,3668.0,4592.0,4844.0,1764.0,0.0,2184.0,4200.0,3416.0,2072.0,448.0
20212,11440580,신수동,28476.0,16156.0,12320.0,0.0,3472.0,7868.0,8008.0,6916.0,2212.0,0.0,1288.0,3668.0,4592.0,4844.0,1764.0,0.0,2184.0,4200.0,3416.0,2072.0,448.0
20213,11440580,신수동,28476.0,16156.0,12320.0,0.0,3472.0,7868.0,8008.0,6916.0,2212.0,0.0,1288.0,3668.0,4592.0,4844.0,1764.0,0.0,2184.0,4200.0,3416.0,2072.0,448.0
20214,11440580,신수동,29120.0,16604.0,12516.0,0.0,3444.0,8148.0,8232.0,7084.0,2212.0,0.0,1260.0,3864.0,4704.0,5012.0,1764.0,0.0,2184.0,4284.0,3528.0,2072.0,448.0
20221,11440580,신수동,29120.0,16604.0,12516.0,0.0,3444.0,8148.0,8232.0,7084.0,2212.0,0.0,1260.0,3864.0,4704.0,5012.0,1764.0,0.0,2184.0,4284.0,3528.0,2072.0,448.0
20222,11440580,신수동,29120.0,16604.0,12516.0,0.0,3444.0,8148.0,8232.0,7084.0,2212.0,0.0,1260.0,3864.0,4704.0,5012.0,1764.0,0.0,2184.0,4284.0,3528.0,2072.0,448.0
20223,11440580,신수동,29120.0,16604.0,12516.0,0.0,3444.0,8148.0,8232.0,7084.0,2212.0,0.0,1260.0,3864.0,4704.0,5012.0,1764.0,0.0,2184.0,4284.0,3528.0,2072.0,448.0
20224,11440580,신수동,34216.0,19460.0,14756.0,0.0,3976.0,9604.0,9688.0,8484.0,2464.0,0.0,1400.0,4536.0,5544.0,5992.0,1988.0,0.0,2576.0,5068.0,4144.0,2492.0,476.0
20231,11440580,신수동,34216.0,19460.0,14756.0,0.0,3976.0,9604.0,9688.0,8484.0,2464.0,0.0,1400.0,4536.0,5544.0,5992.0,1988.0,0.0,2576.0,5068.0,4144.0,2492.0,476.0
20232,11440580,신수동,34216.0,19460.0,14756.0,0.0,3976.0,9604.0,9688.0,8484.0,2464.0,0.0,1400.0,4536.0,5544.0,5992.0,1988.0,0.0,2576.0,5068.0,4144.0,2492.0,476.0
20233,11440580,신수동,34216.0,19460.0,14756.0,0.0,3976.0,9604.0,9688.0,8484.0,2464.0,0.0,1400.0,4536.0,5544.0,5992.0,1988.0,0.0,2576.0,5068.0,4144.0,2492.0,476.0
20234,11440580,신수동,35000.0,19852.0,15148.0,0.0,4256.0,9716.0,9828.0,8624.0,2576.0,0.0,1568.0,4592.0,5600.0,6020.0,2072.0,0.0,2688.0,5124.0,4228.0,2604.0,504.0
20241,11440580,신수동,35000.0,19852.0,15148.0,0.0,4256.0,9716.0,9828.0,8624.0,2576.0,0.0,1568.0,4592.0,5600.0,6020.0,2072.0,0.0,2688.0,5124.0,4228.0,2604.0,504.0
20242,11440580,신수동,35000.0,19852.0,15148.0,0.0,4256.0,9716.0,9828.0,8624.0,2576.0,0.0,1568.0,4592.0,5600.0,6020.0,2072.0,0.0,2688.0,5124.0,4228.0,2604.0,504.0
20243,11440580,신수동,35000.0,19852.0,15148.0,0.0,4256.0,9716.0,9828.0,8624.0,2576.0,0.0,1568.0,4592.0,5600.0,6020.0,2072.0,0.0,2688.0,5124.0,4228.0,2604.0,504.0
20244,11440580,신수동,56336.0,31948.0,24388.0,0.0,7000.0,15596.0,15736.0,13860.0,4144.0,0.0,2576.0,7308.0,9016.0,9660.0,3388.0,0.0,4424.0,8288.0,6720.0,4200.0,756.0
20251,11440580,신수동,56336.0,31948.0,24388.0,0.0,7000.0,15596.0,15736.0,13860.0,4144.0,0.0,2576.0,7308.0,9016.0,9660.0,3388.0,0.0,4424.0,8288.0,6720.0,4200.0,756.0
20252,11440580,신수동,56336.0,31948.0,24388.0,0.0,7000.0,15596.0,15736.0,13860.0,4144.0,0.0,2576.0,7308.0,9016.0,9660.0,3388.0,0.0,4424.0,8288.0,6720.0,4200.0,756.0
20253,11440580,신수동,56336.0,31948.0,24388.0,0.0,7000.0,15596.0,15736.0,13860.0,4144.0,0.0,2576.0,7308.0,9016.0,9660.0,3388.0,0.0,4424.0,8288.0,6720.0,4200.0,756.0
20254,11440580,신수동,56336.0,31948.0,24388.0,0.0,7000.0,15596.0,15736.0,13860.0,4144.0,0.0,2576.0,7308.0,9016.0,9660.0,3388.0,0.0,4424.0,8288.0,6720.0,4200.0,756.0
20191,11440520,아현동,49420.0,32424.0,16996.0,0.0,6692.0,13104.0,13804.0,11788.0,4032.0,0.0,2800.0,8596.0,9548.0,8540.0,2940.0,0.0,3892.0,4508.0,4256.0,3248.0,1092.0
20192,11440520,아현동,49420.0,32424.0,16996.0,0.0,6692.0,13104.0,13804.0,11788.0,4032.0,0.0,2800.0,8596.0,9548.0,8540.0,2940.0,0.0,3892.0,4508.0,4256.0,3248.0,1092.0
20193,11440520,아현동,49420.0,32424.0,16996.0,0.0,6692.0,13104.0,13804.0,11788.0,4032.0,0.0,2800.0,8596.0,9548.0,8540.0,2940.0,0.0,3892.0,4508.0,4256.0,3248.0,1092.0
20194,11440520,아현동,49420.0,32424.0,16996.0,0.0,6692.0,13104.0,13804.0,11788.0,4032.0,0.0,2800.0,8596.0,9548.0,8540.0,2940.0,0.0,3892.0,4508.0,4256.0,3248.0,1092.0
20201,11440520,아현동,49420.0,32424.0,16996.0,0.0,6692.0,13104.0,13804.0,11788.0,4032.0,0.0,2800.0,8596.0,9548.0,8540.0,2940.0,0.0,3892.0,4508.0,4256.0,3248.0,1092.0
20202,11440520,아현동,49420.0,32424.0,16996.0,0.0,6692.0,13104.0,13804.0,11788.0,4032.0,0.0,2800.0,8596.0,9548.0,8540.0,2940.0,0.0,3892.0,4508.0,4256.0,3248.0,1092.0
20203,11440520,아현동,49420.0,32424.0,16996.0,0.0,6692.0,13104.0,13804.0,11788.0,4032.0,0.0,2800.0,8596.0,9548.0,8540.0,2940.0,0.0,3892.0,4508.0,4256.0,3248.0,1092.0
20204,11440520,아현동,50288.0,34132.0,16156.0,0.0,6384.0,13216.0,14084.0,12460.0,4144.0,0.0,2716.0,8988.0,10052.0,9156.0,3220.0,0.0,3668.0,4228.0,4032.0,3304.0,924.0
20211,11440520,아현동,50288.0,34132.0,16156.0,0.0,6384.0,13216.0,14084.0,12460.0,4144.0,0.0,2716.0,8988.0,10052.0,9156.0,3220.0,0.0,3668.0,4228.0,4032.0,3304.0,924.0
20212,11440520,아현동,50288.0,34132.0,16156.0,0.0,6384.0,13216.0,14084.0,12460.0,4144.0,0.0,2716.0,8988.0,10052.0,9156.0,3220.0,0.0,3668.0,4228.0,4032.0,3304.0,924.0
20213,11440520,아현동,50288.0,34132.0,16156.0,0.0,6384.0,13216.0,14084.0,12460.0,4144.0,0.0,2716.0,8988.0,10052.0,9156.0,3220.0,0.0,3668.0,4228.0,4032.0,3304.0,924.0
20214,11440520,아현동,56336.0,37324.0,19012.0,0.0,7588.0,15456.0,15792.0,13384.0,4116.0,0.0,3108.0,10276.0,10976.0,9744.0,3220.0,0.0,4480.0,5180.0,4816.0,3640.0,896.0
20221,11440520,아현동,56336.0,37324.0,19012.0,0.0,7588.0,15456.0,15792.0,13384.0,4116.0,0.0,3108.0,10276.0,10976.0,9744.0,3220.0,0.0,4480.0,5180.0,4816.0,3640.0,896.0
20222,11440520,아현동,56336.0,37324.0,19012.0,0.0,7588.0,15456.0,15792.0,13384.0,4116.0,0.0,3108.0,10276.0,10976.0,9744.0,3220.0,0.0,4480.0,5180.0,4816.0,3640.0,896.0
20223,11440520,아현동,56336.0,37324.0,19012.0,0.0,7588.0,15456.0,15792.0,13384.0,4116.0,0.0,3108.0,10276.0,10976.0,9744.0,3220.0,0.0,4480.0,5180.0,4816.0,3640.0,896.0
20224,11440520,아현동,39172.0,26292.0,12880.0,0.0,5208.0,10556.0,11032.0,9436.0,2940.0,0.0,2128.0,7056.0,7728.0,6972.0,2408.0,0.0,3080.0,3500.0,3304.0,2464.0,532.0
20231,11440520,아현동,39172.0,26292.0,12880.0,0.0,5208.0,10556.0,11032.0,9436.0,2940.0,0.0,2128.0,7056.0,7728.0,6972.0,2408.0,0.0,3080.0,3500.0,3304.0,2464.0,532.0
20232,11440520,아현동,39172.0,26292.0,12880.0,0.0,5208.0,10556.0,11032.0,9436.0,2940.0,0.0,2128.0,7056.0,7728.0,6972.0,2408.0,0.0,3080.0,3500.0,3304.0,2464.0,532.0
20233,11440520,아현동,39172.0,26292.0,12880.0,0.0,5208.0,10556.0,11032.0,9436.0,2940.0,0.0,2128.0,7056.0,7728.0,6972.0,2408.0,0.0,3080.0,3500.0,3304.0,2464.0,532.0
20234,11440520,아현동,39172.0,25844.0,13328.0,0.0,5404.0,10500.0,11004.0,9408.0,2856.0,0.0,2296.0,6832.0,7560.0,6804.0,2352.0,0.0,3108.0,3668.0,3444.0,2604.0,504.0
20241,11440520,아현동,39172.0,25844.0,13328.0,0.0,5404.0,10500.0,11004.0,9408.0,2856.0,0.0,2296.0,6832.0,7560.0,6804.0,2352.0,0.0,3108.0,3668.0,3444.0,2604.0,504.0
20242,11440520,아현동,39172.0,25844.0,13328.0,0.0,5404.0,10500.0,11004.0,9408.0,2856.0,0.0,2296.0,6832.0,7560.0,6804.0,2352.0,0.0,3108.0,3668.0,3444.0,2604.0,504.0
20243,11440520,아현동,39172.0,25844.0,13328.0,0.0,5404.0,10500.0,11004.0,9408.0,2856.0,0.0,2296.0,6832.0,7560.0,6804.0,2352.0,0.0,3108.0,3668.0,3444.0,2604.0,504.0
20244,11440520,아현동,45164.0,29092.0,16072.0,0.0,6664.0,12460.0,12880.0,10304.0,2856.0,0.0,2828.0,7868.0,8568.0,7392.0,2436.0,0.0,3836.0,4592.0,4312.0,2912.0,420.0
20251,11440520,아현동,45164.0,29092.0,16072.0,0.0,6664.0,12460.0,12880.0,10304.0,2856.0,0.0,2828.0,7868.0,8568.0,7392.0,2436.0,0.0,3836.0,4592.0,4312.0,2912.0,420.0
20252,11440520,아현동,45164.0,29092.0,16072.0,0.0,6664.0,12460.0,12880.0,10304.0,2856.0,0.0,2828.0,7868.0,8568.0,7392.0,2436.0,0.0,3836.0,4592.0,4312.0,2912.0,420.0
20253,11440520,아현동,45164.0,29092.0,16072.0,0.0,6664.0,12460.0,12880.0,10304.0,2856.0,0.0,2828.0,7868.0,8568.0,7392.0,2436.0,0.0,3836.0,4592.0,4312.0,2912.0,420.0
20254,11440520,아현동,45164.0,29092.0,16072.0,0.0,6664.0,12460.0,12880.0,10304.0,2856.0,0.0,2828.0,7868.0,8568.0,7392.0,2436.0,0.0,3836.0,4592.0,4312.0,2912.0,420.0
20191,11440640,연남동,9128.0,5684.0,3444.0,0.0,1456.0,2128.0,2296.0,1932.0,1316.0,0.0,644.0,1148.0,1372.0,1372.0,1148.0,0.0,812.0,980.0,924.0,560.0,168.0
20192,11440640,연남동,9128.0,5684.0,3444.0,0.0,1456.0,2128.0,2296.0,1932.0,1316.0,0.0,644.0,1148.0,1372.0,1372.0,1148.0,0.0,812.0,980.0,924.0,560.0,168.0
20193,11440640,연남동,9128.0,5684.0,3444.0,0.0,1456.0,2128.0,2296.0,1932.0,1316.0,0.0,644.0,1148.0,1372.0,1372.0,1148.0,0.0,812.0,980.0,924.0,560.0,168.0
20194,11440640,연남동,9128.0,5684.0,3444.0,0.0,1456.0,2128.0,2296.0,1932.0,1316.0,0.0,644.0,1148.0,1372.0,1372.0,1148.0,0.0,812.0,980.0,924.0,560.0,168.0
20201,11440640,연남동,9128.0,5684.0,3444.0,0.0,1456.0,2128.0,2296.0,1932.0,1316.0,0.0,644.0,1148.0,1372.0,1372.0,1148.0,0.0,812.0,980.0,924.0,560.0,168.0
20202,11440640,연남동,9128.0,5684.0,3444.0,0.0,1456.0,2128.0,2296.0,1932.0,1316.0,0.0,644.0,1148.0,1372.0,1372.0,1148.0,0.0,812.0,980.0,924.0,560.0,168.0
20203,11440640,연남동,9128.0,5684.0,3444.0,0.0,1456.0,2128.0,2296.0,1932.0,1316.0,0.0,644.0,1148.0,1372.0,1372.0,1148.0,0.0,812.0,980.0,924.0,560.0,168.0
20204,11440640,연남동,8624.0,5348.0,3276.0,0.0,1344.0,2016.0,2240.0,1876.0,1148.0,0.0,532.0,1064.0,1344.0,1344.0,1064.0,0.0,812.0,952.0,896.0,532.0,84.0
20211,11440640,연남동,8624.0,5348.0,3276.0,0.0,1344.0,2016.0,2240.0,1876.0,1148.0,0.0,532.0,1064.0,1344.0,1344.0,1064.0,0.0,812.0,952.0,896.0,532.0,84.0
20212,11440640,연남동,8624.0,5348.0,3276.0,0.0,1344.0,2016.0,2240.0,1876.0,1148.0,0.0,532.0,1064.0,1344.0,1344.0,1064.0,0.0,812.0,952.0,896.0,532.0,84.0
20213,11440640,연남동,8624.0,5348.0,3276.0,0.0,1344.0,2016.0,2240.0,1876.0,1148.0,0.0,532.0,1064.0,1344.0,1344.0,1064.0,0.0,812.0,952.0,896.0,532.0,84.0
20214,11440640,연남동,8736.0,5628.0,3108.0,0.0,1400.0,2100.0,2184.0,1904.0,1148.0,0.0,644.0,1148.0,1344.0,1344.0,1148.0,0.0,756.0,952.0,840.0,560.0,0.0
20221,11440640,연남동,8736.0,5628.0,3108.0,0.0,1400.0,2100.0,2184.0,1904.0,1148.0,0.0,644.0,1148.0,1344.0,1344.0,1148.0,0.0,756.0,952.0,840.0,560.0,0.0
20222,11440640,연남동,8736.0,5628.0,3108.0,0.0,1400.0,2100.0,2184.0,1904.0,1148.0,0.0,644.0,1148.0,1344.0,1344.0,1148.0,0.0,756.0,952.0,840.0,560.0,0.0
20223,11440640,연남동,8736.0,5628.0,3108.0,0.0,1400.0,2100.0,2184.0,1904.0,1148.0,0.0,644.0,1148.0,1344.0,1344.0,1148.0,0.0,756.0,952.0,840.0,560.0,0.0
20224,11440640,연남동,7392.0,4788.0,2604.0,0.0,1092.0,1820.0,1904.0,1596.0,980.0,0.0,420.0,980.0,1204.0,1204.0,980.0,0.0,672.0,840.0,700.0,392.0,0.0
20231,11440640,연남동,7392.0,4788.0,2604.0,0.0,1092.0,1820.0,1904.0,1596.0,980.0,0.0,420.0,980.0,1204.0,1204.0,980.0,0.0,672.0,840.0,700.0,392.0,0.0
20232,11440640,연남동,7392.0,4788.0,2604.0,0.0,1092.0,1820.0,1904.0,1596.0,980.0,0.0,420.0,980.0,1204.0,1204.0,980.0,0.0,672.0,840.0,700.0,392.0,0.0
20233,11440640,연남동,7392.0,4788.0,2604.0,0.0,1092.0,1820.0,1904.0,1596.0,980.0,0.0,420.0,980.0,1204.0,1204.0,980.0,0.0,672.0,840.0,700.0,392.0,0.0
20234,11440640,연남동,8652.0,5572.0,3080.0,0.0,1372.0,2044.0,2184.0,1960.0,1092.0,0.0,616.0,1092.0,1372.0,1400.0,1092.0,0.0,756.0,952.0,812.0,560.0,0.0
20241,11440640,연남동,8652.0,5572.0,3080.0,0.0,1372.0,2044.0,2184.0,1960.0,1092.0,0.0,616.0,1092.0,1372.0,1400.0,1092.0,0.0,756.0,952.0,812.0,560.0,0.0
20242,11440640,연남동,8652.0,5572.0,3080.0,0.0,1372.0,2044.0,2184.0,1960.0,1092.0,0.0,616.0,1092.0,1372.0,1400.0,1092.0,0.0,756.0,952.0,812.0,560.0,0.0
20243,11440640,연남동,8652.0,5572.0,3080.0,0.0,1372.0,2044.0,2184.0,1960.0,1092.0,0.0,616.0,1092.0,1372.0,1400.0,1092.0,0.0,756.0,952.0,812.0,560.0,0.0
20244,11440640,연남동,13608.0,8736.0,4872.0,0.0,2128.0,3332.0,3416.0,2912.0,1820.0,0.0,896.0,1820.0,2100.0,2100.0,1820.0,0.0,1232.0,1512.0,1316.0,812.0,0.0
20251,11440640,연남동,13608.0,8736.0,4872.0,0.0,2128.0,3332.0,3416.0,2912.0,1820.0,0.0,896.0,1820.0,2100.0,2100.0,1820.0,0.0,1232.0,1512.0,1316.0,812.0,0.0
20252,11440640,연남동,13608.0,8736.0,4872.0,0.0,2128.0,3332.0,3416.0,2912.0,1820.0,0.0,896.0,1820.0,2100.0,2100.0,1820.0,0.0,1232.0,1512.0,1316.0,812.0,0.0
20253,11440640,연남동,13608.0,8736.0,4872.0,0.0,2128.0,3332.0,3416.0,2912.0,1820.0,0.0,896.0,1820.0,2100.0,2100.0,1820.0,0.0,1232.0,1512.0,1316.0,812.0,0.0
20254,11440640,연남동,13608.0,8736.0,4872.0,0.0,2128.0,3332.0,3416.0,2912.0,1820.0,0.0,896.0,1820.0,2100.0,2100.0,1820.0,0.0,1232.0,1512.0,1316.0,812.0,0.0
20191,11440570,염리동,6300.0,3752.0,2548.0,0.0,924.0,1568.0,1484.0,1232.0,1092.0,0.0,448.0,924.0,980.0,728.0,672.0,0.0,476.0,644.0,504.0,504.0,420.0
20192,11440570,염리동,6300.0,3752.0,2548.0,0.0,924.0,1568.0,1484.0,1232.0,1092.0,0.0,448.0,924.0,980.0,728.0,672.0,0.0,476.0,644.0,504.0,504.0,420.0
20193,11440570,염리동,6300.0,3752.0,2548.0,0.0,924.0,1568.0,1484.0,1232.0,1092.0,0.0,448.0,924.0,980.0,728.0,672.0,0.0,476.0,644.0,504.0,504.0,420.0
20194,11440570,염리동,6300.0,3752.0,2548.0,0.0,924.0,1568.0,1484.0,1232.0,1092.0,0.0,448.0,924.0,980.0,728.0,672.0,0.0,476.0,644.0,504.0,504.0,420.0
20201,11440570,염리동,6300.0,3752.0,2548.0,0.0,924.0,1568.0,1484.0,1232.0,1092.0,0.0,448.0,924.0,980.0,728.0,672.0,0.0,476.0,644.0,504.0,504.0,420.0
20202,11440570,염리동,6300.0,3752.0,2548.0,0.0,924.0,1568.0,1484.0,1232.0,1092.0,0.0,448.0,924.0,980.0,728.0,672.0,0.0,476.0,644.0,504.0,504.0,420.0
20203,11440570,염리동,6300.0,3752.0,2548.0,0.0,924.0,1568.0,1484.0,1232.0,1092.0,0.0,448.0,924.0,980.0,728.0,672.0,0.0,476.0,644.0,504.0,504.0,420.0
20204,11440570,염리동,6608.0,3920.0,2688.0,0.0,980.0,1624.0,1568.0,1288.0,1148.0,0.0,476.0,952.0,1036.0,756.0,700.0,0.0,504.0,672.0,532.0,532.0,448.0
20211,11440570,염리동,6608.0,3920.0,2688.0,0.0,980.0,1624.0,1568.0,1288.0,1148.0,0.0,476.0,952.0,1036.0,756.0,700.0,0.0,504.0,672.0,532.0,532.0,448.0
20212,11440570,염리동,6608.0,3920.0,2688.0,0.0,980.0,1624.0,1568.0,1288.0,1148.0,0.0,476.0,952.0,1036.0,756.0,700.0,0.0,504.0,672.0,532.0,532.0,448.0
20213,11440570,염리동,6608.0,3920.0,2688.0,0.0,980.0,1624.0,1568.0,1288.0,1148.0,0.0,476.0,952.0,1036.0,756.0,700.0,0.0,504.0,672.0,532.0,532.0,448.0
20214,11440570,염리동,8092.0,4816.0,3276.0,0.0,1148.0,2016.0,1932.0,1624.0,1372.0,0.0,560.0,1204.0,1260.0,952.0,840.0,0.0,588.0,812.0,672.0,672.0,532.0
20221,11440570,염리동,8092.0,4816.0,3276.0,0.0,1148.0,2016.0,1932.0,1624.0,1372.0,0.0,560.0,1204.0,1260.0,952.0,840.0,0.0,588.0,812.0,672.0,672.0,532.0
20222,11440570,염리동,8092.0,4816.0,3276.0,0.0,1148.0,2016.0,1932.0,1624.0,1372.0,0.0,560.0,1204.0,1260.0,952.0,840.0,0.0,588.0,812.0,672.0,672.0,532.0
20223,11440570,염리동,8092.0,4816.0,3276.0,0.0,1148.0,2016.0,1932.0,1624.0,1372.0,0.0,560.0,1204.0,1260.0,952.0,840.0,0.0,588.0,812.0,672.0,672.0,532.0
20224,11440570,염리동,5712.0,3388.0,2324.0,0.0,868.0,1372.0,1344.0,1148.0,980.0,0.0,420.0,812.0,896.0,672.0,588.0,0.0,448.0,560.0,448.0,476.0,392.0
20231,11440570,염리동,5712.0,3388.0,2324.0,0.0,868.0,1372.0,1344.0,1148.0,980.0,0.0,420.0,812.0,896.0,672.0,588.0,0.0,448.0,560.0,448.0,476.0,392.0
20232,11440570,염리동,5712.0,3388.0,2324.0,0.0,868.0,1372.0,1344.0,1148.0,980.0,0.0,420.0,812.0,896.0,672.0,588.0,0.0,448.0,560.0,448.0,476.0,392.0
20233,11440570,염리동,5712.0,3388.0,2324.0,0.0,868.0,1372.0,1344.0,1148.0,980.0,0.0,420.0,812.0,896.0,672.0,588.0,0.0,448.0,560.0,448.0,476.0,392.0
20234,11440570,염리동,6888.0,4088.0,2800.0,0.0,1008.0,1708.0,1624.0,1344.0,1204.0,0.0,504.0,1008.0,1064.0,784.0,728.0,0.0,504.0,700.0,560.0,560.0,476.0
20241,11440570,염리동,6888.0,4088.0,2800.0,0.0,1008.0,1708.0,1624.0,1344.0,1204.0,0.0,504.0,1008.0,1064.0,784.0,728.0,0.0,504.0,700.0,560.0,560.0,476.0
20242,11440570,염리동,6888.0,4088.0,2800.0,0.0,1008.0,1708.0,1624.0,1344.0,1204.0,0.0,504.0,1008.0,1064.0,784.0,728.0,0.0,504.0,700.0,560.0,560.0,476.0
20243,11440570,염리동,6888.0,4088.0,2800.0,0.0,1008.0,1708.0,1624.0,1344.0,1204.0,0.0,504.0,1008.0,1064.0,784.0,728.0,0.0,504.0,700.0,560.0,560.0,476.0
20244,11440570,염리동,7336.0,4396.0,2940.0,0.0,1064.0,1792.0,1764.0,1428.0,1288.0,0.0,532.0,1064.0,1176.0,840.0,784.0,0.0,532.0,728.0,588.0,588.0,504.0
20251,11440570,염리동,7336.0,4396.0,2940.0,0.0,1064.0,1792.0,1764.0,1428.0,1288.0,0.0,532.0,1064.0,1176.0,840.0,784.0,0.0,532.0,728.0,588.0,588.0,504.0
20252,11440570,염리동,7336.0,4396.0,2940.0,0.0,1064.0,1792.0,1764.0,1428.0,1288.0,0.0,532.0,1064.0,1176.0,840.0,784.0,0.0,532.0,728.0,588.0,588.0,504.0
20253,11440570,염리동,7336.0,4396.0,2940.0,0.0,1064.0,1792.0,1764.0,1428.0,1288.0,0.0,532.0,1064.0,1176.0,840.0,784.0,0.0,532.0,728.0,588.0,588.0,504.0
20254,11440570,염리동,7336.0,4396.0,2940.0,0.0,1064.0,1792.0,1764.0,1428.0,1288.0,0.0,532.0,1064.0,1176.0,840.0,784.0,0.0,532.0,728.0,588.0,588.0,504.0
20191,11440550,용강동,61796.0,36596.0,25200.0,0.0,9044.0,15260.0,14672.0,12236.0,10584.0,0.0,4340.0,9016.0,9688.0,7112.0,6440.0,0.0,4704.0,6244.0,4984.0,5124.0,4144.0
20192,11440550,용강동,61796.0,36596.0,25200.0,0.0,9044.0,15260.0,14672.0,12236.0,10584.0,0.0,4340.0,9016.0,9688.0,7112.0,6440.0,0.0,4704.0,6244.0,4984.0,5124.0,4144.0
20193,11440550,용강동,61796.0,36596.0,25200.0,0.0,9044.0,15260.0,14672.0,12236.0,10584.0,0.0,4340.0,9016.0,9688.0,7112.0,6440.0,0.0,4704.0,6244.0,4984.0,5124.0,4144.0
20194,11440550,용강동,61796.0,36596.0,25200.0,0.0,9044.0,15260.0,14672.0,12236.0,10584.0,0.0,4340.0,9016.0,9688.0,7112.0,6440.0,0.0,4704.0,6244.0,4984.0,5124.0,4144.0
20201,11440550,용강동,61796.0,36596.0,25200.0,0.0,9044.0,15260.0,14672.0,12236.0,10584.0,0.0,4340.0,9016.0,9688.0,7112.0,6440.0,0.0,4704.0,6244.0,4984.0,5124.0,4144.0
20202,11440550,용강동,61796.0,36596.0,25200.0,0.0,9044.0,15260.0,14672.0,12236.0,10584.0,0.0,4340.0,9016.0,9688.0,7112.0,6440.0,0.0,4704.0,6244.0,4984.0,5124.0,4144.0
20203,11440550,용강동,61796.0,36596.0,25200.0,0.0,9044.0,15260.0,14672.0,12236.0,10584.0,0.0,4340.0,9016.0,9688.0,7112.0,6440.0,0.0,4704.0,6244.0,4984.0,5124.0,4144.0
20204,11440550,용강동,54096.0,32116.0,21980.0,0.0,7840.0,13300.0,12852.0,10780.0,9324.0,0.0,3808.0,7924.0,8512.0,6216.0,5656.0,0.0,4032.0,5376.0,4340.0,4564.0,3668.0
20211,11440550,용강동,54096.0,32116.0,21980.0,0.0,7840.0,13300.0,12852.0,10780.0,9324.0,0.0,3808.0,7924.0,8512.0,6216.0,5656.0,0.0,4032.0,5376.0,4340.0,4564.0,3668.0
20212,11440550,용강동,54096.0,32116.0,21980.0,0.0,7840.0,13300.0,12852.0,10780.0,9324.0,0.0,3808.0,7924.0,8512.0,6216.0,5656.0,0.0,4032.0,5376.0,4340.0,4564.0,3668.0
20213,11440550,용강동,54096.0,32116.0,21980.0,0.0,7840.0,13300.0,12852.0,10780.0,9324.0,0.0,3808.0,7924.0,8512.0,6216.0,5656.0,0.0,4032.0,5376.0,4340.0,4564.0,3668.0
20214,11440550,용강동,62468.0,37156.0,25312.0,0.0,9156.0,15400.0,14756.0,12432.0,10724.0,0.0,4424.0,9156.0,9772.0,7252.0,6552.0,0.0,4732.0,6244.0,4984.0,5180.0,4172.0
20221,11440550,용강동,62468.0,37156.0,25312.0,0.0,9156.0,15400.0,14756.0,12432.0,10724.0,0.0,4424.0,9156.0,9772.0,7252.0,6552.0,0.0,4732.0,6244.0,4984.0,5180.0,4172.0
20222,11440550,용강동,62468.0,37156.0,25312.0,0.0,9156.0,15400.0,14756.0,12432.0,10724.0,0.0,4424.0,9156.0,9772.0,7252.0,6552.0,0.0,4732.0,6244.0,4984.0,5180.0,4172.0
20223,11440550,용강동,62468.0,37156.0,25312.0,0.0,9156.0,15400.0,14756.0,12432.0,10724.0,0.0,4424.0,9156.0,9772.0,7252.0,6552.0,0.0,4732.0,6244.0,4984.0,5180.0,4172.0
20224,11440550,용강동,44772.0,26656.0,18116.0,0.0,6580.0,11004.0,10612.0,8932.0,7644.0,0.0,3248.0,6552.0,7056.0,5180.0,4620.0,0.0,3332.0,4452.0,3556.0,3752.0,3024.0
20231,11440550,용강동,44772.0,26656.0,18116.0,0.0,6580.0,11004.0,10612.0,8932.0,7644.0,0.0,3248.0,6552.0,7056.0,5180.0,4620.0,0.0,3332.0,4452.0,3556.0,3752.0,3024.0
20232,11440550,용강동,44772.0,26656.0,18116.0,0.0,6580.0,11004.0,10612.0,8932.0,7644.0,0.0,3248.0,6552.0,7056.0,5180.0,4620.0,0.0,3332.0,4452.0,3556.0,3752.0,3024.0
20233,11440550,용강동,44772.0,26656.0,18116.0,0.0,6580.0,11004.0,10612.0,8932.0,7644.0,0.0,3248.0,6552.0,7056.0,5180.0,4620.0,0.0,3332.0,4452.0,3556.0,3752.0,3024.0
20234,11440550,용강동,48272.0,28700.0,19572.0,0.0,7028.0,11928.0,11368.0,9604.0,8344.0,0.0,3444.0,7112.0,7504.0,5572.0,5068.0,0.0,3584.0,4816.0,3864.0,4032.0,3276.0
20241,11440550,용강동,48272.0,28700.0,19572.0,0.0,7028.0,11928.0,11368.0,9604.0,8344.0,0.0,3444.0,7112.0,7504.0,5572.0,5068.0,0.0,3584.0,4816.0,3864.0,4032.0,3276.0
20242,11440550,용강동,48272.0,28700.0,19572.0,0.0,7028.0,11928.0,11368.0,9604.0,8344.0,0.0,3444.0,7112.0,7504.0,5572.0,5068.0,0.0,3584.0,4816.0,3864.0,4032.0,3276.0
20243,11440550,용강동,48272.0,28700.0,19572.0,0.0,7028.0,11928.0,11368.0,9604.0,8344.0,0.0,3444.0,7112.0,7504.0,5572.0,5068.0,0.0,3584.0,4816.0,3864.0,4032.0,3276.0
20244,11440550,용강동,64372.0,38388.0,25984.0,0.0,9324.0,15932.0,15288.0,12796.0,11032.0,0.0,4564.0,9492.0,10136.0,7476.0,6720.0,0.0,4760.0,6440.0,5152.0,5320.0,4312.0
20251,11440550,용강동,64372.0,38388.0,25984.0,0.0,9324.0,15932.0,15288.0,12796.0,11032.0,0.0,4564.0,9492.0,10136.0,7476.0,6720.0,0.0,4760.0,6440.0,5152.0,5320.0,4312.0
20252,11440550,용강동,64372.0,38388.0,25984.0,0.0,9324.0,15932.0,15288.0,12796.0,11032.0,0.0,4564.0,9492.0,10136.0,7476.0,6720.0,0.0,4760.0,6440.0,5152.0,5320.0,4312.0
20253,11440550,용강동,64372.0,38388.0,25984.0,0.0,9324.0,15932.0,15288.0,12796.0,11032.0,0.0,4564.0,9492.0,10136.0,7476.0,6720.0,0.0,4760.0,6440.0,5152.0,5320.0,4312.0
20254,11440550,용강동,64372.0,38388.0,25984.0,0.0,9324.0,15932.0,15288.0,12796.0,11032.0,0.0,4564.0,9492.0,10136.0,7476.0,6720.0,0.0,4760.0,6440.0,5152.0,5320.0,4312.0
20191,11440610,합정동,169792.0,92344.0,77448.0,336.0,30632.0,48384.0,42504.0,30044.0,17892.0,252.0,12236.0,23884.0,25704.0,18368.0,11900.0,84.0,18396.0,24500.0,16800.0,11676.0,5992.0
20192,11440610,합정동,169792.0,92344.0,77448.0,336.0,30632.0,48384.0,42504.0,30044.0,17892.0,252.0,12236.0,23884.0,25704.0,18368.0,11900.0,84.0,18396.0,24500.0,16800.0,11676.0,5992.0
20193,11440610,합정동,169792.0,92344.0,77448.0,336.0,30632.0,48384.0,42504.0,30044.0,17892.0,252.0,12236.0,23884.0,25704.0,18368.0,11900.0,84.0,18396.0,24500.0,16800.0,11676.0,5992.0
20194,11440610,합정동,169792.0,92344.0,77448.0,336.0,30632.0,48384.0,42504.0,30044.0,17892.0,252.0,12236.0,23884.0,25704.0,18368.0,11900.0,84.0,18396.0,24500.0,16800.0,11676.0,5992.0
20201,11440610,합정동,169792.0,92344.0,77448.0,336.0,30632.0,48384.0,42504.0,30044.0,17892.0,252.0,12236.0,23884.0,25704.0,18368.0,11900.0,84.0,18396.0,24500.0,16800.0,11676.0,5992.0
20202,11440610,합정동,169792.0,92344.0,77448.0,336.0,30632.0,48384.0,42504.0,30044.0,17892.0,252.0,12236.0,23884.0,25704.0,18368.0,11900.0,84.0,18396.0,24500.0,16800.0,11676.0,5992.0
20203,11440610,합정동,169792.0,92344.0,77448.0,336.0,30632.0,48384.0,42504.0,30044.0,17892.0,252.0,12236.0,23884.0,25704.0,18368.0,11900.0,84.0,18396.0,24500.0,16800.0,11676.0,5992.0
20204,11440610,합정동,163744.0,88984.0,74760.0,112.0,29540.0,46872.0,41160.0,28868.0,17192.0,84.0,11732.0,23128.0,24920.0,17668.0,11452.0,28.0,17808.0,23744.0,16240.0,11200.0,5740.0
20211,11440610,합정동,163744.0,88984.0,74760.0,112.0,29540.0,46872.0,41160.0,28868.0,17192.0,84.0,11732.0,23128.0,24920.0,17668.0,11452.0,28.0,17808.0,23744.0,16240.0,11200.0,5740.0
20212,11440610,합정동,163744.0,88984.0,74760.0,112.0,29540.0,46872.0,41160.0,28868.0,17192.0,84.0,11732.0,23128.0,24920.0,17668.0,11452.0,28.0,17808.0,23744.0,16240.0,11200.0,5740.0
20213,11440610,합정동,163744.0,88984.0,74760.0,112.0,29540.0,46872.0,41160.0,28868.0,17192.0,84.0,11732.0,23128.0,24920.0,17668.0,11452.0,28.0,17808.0,23744.0,16240.0,11200.0,5740.0
20214,11440610,합정동,156436.0,84952.0,71484.0,28.0,28224.0,44856.0,39592.0,27440.0,16296.0,28.0,11032.0,22176.0,23884.0,16912.0,10920.0,0.0,17192.0,22680.0,15708.0,10528.0,5376.0
20221,11440610,합정동,156436.0,84952.0,71484.0,28.0,28224.0,44856.0,39592.0,27440.0,16296.0,28.0,11032.0,22176.0,23884.0,16912.0,10920.0,0.0,17192.0,22680.0,15708.0,10528.0,5376.0
20222,11440610,합정동,156436.0,84952.0,71484.0,28.0,28224.0,44856.0,39592.0,27440.0,16296.0,28.0,11032.0,22176.0,23884.0,16912.0,10920.0,0.0,17192.0,22680.0,15708.0,10528.0,5376.0
20223,11440610,합정동,156436.0,84952.0,71484.0,28.0,28224.0,44856.0,39592.0,27440.0,16296.0,28.0,11032.0,22176.0,23884.0,16912.0,10920.0,0.0,17192.0,22680.0,15708.0,10528.0,5376.0
20224,11440610,합정동,156212.0,84756.0,71456.0,0.0,28224.0,44912.0,39368.0,27468.0,16240.0,0.0,11032.0,22288.0,23660.0,16884.0,10892.0,0.0,17192.0,22624.0,15708.0,10584.0,5348.0
20231,11440610,합정동,156212.0,84756.0,71456.0,0.0,28224.0,44912.0,39368.0,27468.0,16240.0,0.0,11032.0,22288.0,23660.0,16884.0,10892.0,0.0,17192.0,22624.0,15708.0,10584.0,5348.0
20232,11440610,합정동,156212.0,84756.0,71456.0,0.0,28224.0,44912.0,39368.0,27468.0,16240.0,0.0,11032.0,22288.0,23660.0,16884.0,10892.0,0.0,17192.0,22624.0,15708.0,10584.0,5348.0
20233,11440610,합정동,156212.0,84756.0,71456.0,0.0,28224.0,44912.0,39368.0,27468.0,16240.0,0.0,11032.0,22288.0,23660.0,16884.0,10892.0,0.0,17192.0,22624.0,15708.0,10584.0,5348.0
20234,11440610,합정동,160384.0,87108.0,73276.0,0.0,28896.0,46340.0,40796.0,28140.0,16212.0,0.0,11256.0,22904.0,24500.0,17416.0,11032.0,0.0,17640.0,23436.0,16296.0,10724.0,5180.0
20241,11440610,합정동,160384.0,87108.0,73276.0,0.0,28896.0,46340.0,40796.0,28140.0,16212.0,0.0,11256.0,22904.0,24500.0,17416.0,11032.0,0.0,17640.0,23436.0,16296.0,10724.0,5180.0
20242,11440610,합정동,160384.0,87108.0,73276.0,0.0,28896.0,46340.0,40796.0,28140.0,16212.0,0.0,11256.0,22904.0,24500.0,17416.0,11032.0,0.0,17640.0,23436.0,16296.0,10724.0,5180.0
20243,11440610,합정동,160384.0,87108.0,73276.0,0.0,28896.0,46340.0,40796.0,28140.0,16212.0,0.0,11256.0,22904.0,24500.0,17416.0,11032.0,0.0,17640.0,23436.0,16296.0,10724.0,5180.0
20244,11440610,합정동,143276.0,77420.0,65856.0,0.0,26320.0,41216.0,36344.0,25004.0,14392.0,0.0,10248.0,20468.0,21644.0,15288.0,9772.0,0.0,16072.0,20748.0,14700.0,9716.0,4620.0
20251,11440610,합정동,143276.0,77420.0,65856.0,0.0,26320.0,41216.0,36344.0,25004.0,14392.0,0.0,10248.0,20468.0,21644.0,15288.0,9772.0,0.0,16072.0,20748.0,14700.0,9716.0,4620.0
20252,11440610,합정동,143276.0,77420.0,65856.0,0.0,26320.0,41216.0,36344.0,25004.0,14392.0,0.0,10248.0,20468.0,21644.0,15288.0,9772.0,0.0,16072.0,20748.0,14700.0,9716.0,4620.0
20253,11440610,합정동,143276.0,77420.0,65856.0,0.0,26320.0,41216.0,36344.0,25004.0,14392.0,0.0,10248.0,20468.0,21644.0,15288.0,9772.0,0.0,16072.0,20748.0,14700.0,9716.0,4620.0
20254,11440610,합정동,143276.0,77420.0,65856.0,0.0,26320.0,41216.0,36344.0,25004.0,14392.0,0.0,10248.0,20468.0,21644.0,15288.0,9772.0,0.0,16072.0,20748.0,14700.0,9716.0,4620.0
