keyword,period,ratio
공덕동 맛집,2019-01-01,10.3783
공덕동 맛집,2019-02-01,9.41269
공덕동 맛집,2019-03-01,10.01322
공덕동 맛집,2019-04-01,9.76455
공덕동 맛집,2019-05-01,14.46825
공덕동 맛집,2019-06-01,9.52645
공덕동 맛집,2019-07-01,12.10052
공덕동 맛집,2019-08-01,12.43915
공덕동 맛집,2019-09-01,10.31481
공덕동 맛집,2019-10-01,12.19576
공덕동 맛집,2019-11-01,10.88095
공덕동 맛집,2019-12-01,12.42063
공덕동 맛집,2020-01-01,10.10846
공덕동 맛집,2020-02-01,8.56878
공덕동 맛집,2020-03-01,7.08994
공덕동 맛집,2020-04-01,7.7328
공덕동 맛집,2020-05-01,9.46031
공덕동 맛집,2020-06-01,8.22486
공덕동 맛집,2020-07-01,9.65343
공덕동 맛집,2020-08-01,8.09523
공덕동 맛집,2020-09-01,5.54761
공덕동 맛집,2020-10-01,8.26455
공덕동 맛집,2020-11-01,7.90476
공덕동 맛집,2020-12-01,5.07142
공덕동 맛집,2021-01-01,6.32275
공덕동 맛집,2021-02-01,6.91269
공덕동 맛집,2021-03-01,8.74074
공덕동 맛집,2021-04-01,8.45238
공덕동 맛집,2021-05-01,8.76455
공덕동 맛집,2021-06-01,8.74867
공덕동 맛집,2021-07-01,7.16137
공덕동 맛집,2021-08-01,7.21957
공덕동 맛집,2021-09-01,6.61111
공덕동 맛집,2021-10-01,8.18518
공덕동 맛집,2021-11-01,9.27777
공덕동 맛집,2021-12-01,9.10846
공덕동 맛집,2022-01-01,7.43386
공덕동 맛집,2022-02-01,6.19576
공덕동 맛집,2022-03-01,7.46296
공덕동 맛집,2022-04-01,8.84656
공덕동 맛집,2022-05-01,10.36507
공덕동 맛집,2022-06-01,9.52645
공덕동 맛집,2022-07-01,10.8201
공덕동 맛집,2022-08-01,10.4947
공덕동 맛집,2022-09-01,8.56878
공덕동 맛집,2022-10-01,9.4074
공덕동 맛집,2022-11-01,9.3201
공덕동 맛집,2022-12-01,9.73809
공덕동 맛집,2023-01-01,8.12433
공덕동 맛집,2023-02-01,9.02645
공덕동 맛집,2023-03-01,8.74867
공덕동 맛집,2023-04-01,9.15343
공덕동 맛집,2023-05-01,9.56878
공덕동 맛집,2023-06-01,7.96296
공덕동 맛집,2023-07-01,7.63492
공덕동 맛집,2023-08-01,7.51322
공덕동 맛집,2023-09-01,7.12433
공덕동 맛집,2023-10-01,6.65608
공덕동 맛집,2023-11-01,6.88359
공덕동 맛집,2023-12-01,7.5
공덕동 맛집,2024-01-01,6.71693
공덕동 맛집,2024-02-01,6.83333
공덕동 맛집,2024-03-01,7
공덕동 맛집,2024-04-01,6.58465
공덕동 맛집,2024-05-01,6.77777
공덕동 맛집,2024-06-01,6.11375
공덕동 맛집,2024-07-01,6.9656
공덕동 맛집,2024-08-01,6.48412
공덕동 맛집,2024-09-01,6.64021
공덕동 맛집,2024-10-01,8.25925
공덕동 맛집,2024-11-01,6.33862
공덕동 맛집,2024-12-01,6.94179
공덕동 카페,2019-01-01,0.39153
공덕동 카페,2019-02-01,0.56349
공덕동 카페,2019-03-01,0.19047
공덕동 카페,2019-04-01,0.30687
공덕동 카페,2019-05-01,0.18783
공덕동 카페,2019-06-01,0.22222
공덕동 카페,2019-07-01,0.1746
공덕동 카페,2019-08-01,0.19047
공덕동 카페,2019-09-01,0.22751
공덕동 카페,2019-10-01,0.08465
공덕동 카페,2019-11-01,0.13756
공덕동 카페,2019-12-01,0.23015
공덕동 카페,2020-01-01,0.28571
공덕동 카페,2020-02-01,0.2619
공덕동 카페,2020-03-01,0.35714
공덕동 카페,2020-04-01,0.39947
공덕동 카페,2020-05-01,0.45767
공덕동 카페,2020-06-01,0.32804
공덕동 카페,2020-07-01,0.44708
공덕동 카페,2020-08-01,0.33597
공덕동 카페,2020-09-01,0.25396
공덕동 카페,2020-10-01,0.26455
공덕동 카페,2020-11-01,0.18783
공덕동 카페,2020-12-01,0.08994
공덕동 카페,2021-01-01,0.20634
공덕동 카페,2021-02-01,0.35714
공덕동 카페,2021-03-01,0.29629
공덕동 카페,2021-04-01,0.41798
공덕동 카페,2021-05-01,0.30952
공덕동 카페,2021-06-01,1.06084
공덕동 카페,2021-07-01,0.25396
공덕동 카페,2021-08-01,0.27248
공덕동 카페,2021-09-01,0.22486
공덕동 카페,2021-10-01,0.24867
공덕동 카페,2021-11-01,0.17195
공덕동 카페,2021-12-01,0.1455
공덕동 카페,2022-01-01,0.29365
공덕동 카페,2022-02-01,0.1455
공덕동 카페,2022-03-01,0.28306
공덕동 카페,2022-04-01,0.27248
공덕동 카페,2022-05-01,0.40211
공덕동 카페,2022-06-01,0.25925
공덕동 카페,2022-07-01,0.33597
공덕동 카페,2022-08-01,0.41269
공덕동 카페,2022-09-01,0.35714
공덕동 카페,2022-10-01,0.28306
공덕동 카페,2022-11-01,0.25132
공덕동 카페,2022-12-01,0.39682
공덕동 카페,2023-01-01,0.33068
공덕동 카페,2023-02-01,0.30687
공덕동 카페,2023-03-01,0.28042
공덕동 카페,2023-04-01,0.2328
공덕동 카페,2023-05-01,0.29629
공덕동 카페,2023-06-01,0.21693
공덕동 카페,2023-07-01,0.22486
공덕동 카페,2023-08-01,0.2619
공덕동 카페,2023-09-01,0.29365
공덕동 카페,2023-10-01,0.10317
공덕동 카페,2023-11-01,0.15079
공덕동 카페,2023-12-01,0.15079
공덕동 카페,2024-01-01,0.11904
공덕동 카페,2024-02-01,0.2328
공덕동 카페,2024-03-01,0.15079
공덕동 카페,2024-04-01,0.19312
공덕동 카페,2024-05-01,0.15343
공덕동 카페,2024-06-01,0.0873
공덕동 카페,2024-07-01,0.10582
공덕동 카페,2024-08-01,0.14285
공덕동 카페,2024-09-01,0.19841
공덕동 카페,2024-10-01,0.16931
공덕동 카페,2024-11-01,0.17724
공덕동 카페,2024-12-01,0.06084
대흥동 맛집,2019-01-01,22.72751
대흥동 맛집,2019-02-01,34.54497
대흥동 맛집,2019-03-01,24.53439
대흥동 맛집,2019-04-01,19.86772
대흥동 맛집,2019-05-01,23.08994
대흥동 맛집,2019-06-01,17.55291
대흥동 맛집,2019-07-01,22.02116
대흥동 맛집,2019-08-01,24.53174
대흥동 맛집,2019-09-01,20.97619
대흥동 맛집,2019-10-01,21.7328
대흥동 맛집,2019-11-01,21.71428
대흥동 맛집,2019-12-01,24.70105
대흥동 맛집,2020-01-01,23.44973
대흥동 맛집,2020-02-01,17.5873
대흥동 맛집,2020-03-01,14.72222
대흥동 맛집,2020-04-01,19.30687
대흥동 맛집,2020-05-01,23.0291
대흥동 맛집,2020-06-01,18.44973
대흥동 맛집,2020-07-01,18.86507
대흥동 맛집,2020-08-01,20.27777
대흥동 맛집,2020-09-01,15.78571
대흥동 맛집,2020-10-01,20.76719
대흥동 맛집,2020-11-01,21.70105
대흥동 맛집,2020-12-01,12.22222
대흥동 맛집,2021-01-01,13.02116
대흥동 맛집,2021-02-01,17.08201
대흥동 맛집,2021-03-01,21.0291
대흥동 맛집,2021-04-01,16.68518
대흥동 맛집,2021-05-01,20.75396
대흥동 맛집,2021-06-01,20.27248
대흥동 맛집,2021-07-01,19.84391
대흥동 맛집,2021-08-01,28.16931
대흥동 맛집,2021-09-01,34.29894
대흥동 맛집,2021-10-01,38.42857
대흥동 맛집,2021-11-01,41.85449
대흥동 맛집,2021-12-01,36.8783
대흥동 맛집,2022-01-01,33.14285
대흥동 맛집,2022-02-01,28.12698
대흥동 맛집,2022-03-01,31.56613
대흥동 맛집,2022-04-01,37.57671
대흥동 맛집,2022-05-01,44.39682
대흥동 맛집,2022-06-01,41.31481
대흥동 맛집,2022-07-01,47.85978
대흥동 맛집,2022-08-01,52.06613
대흥동 맛집,2022-09-01,49.80158
대흥동 맛집,2022-10-01,100
대흥동 맛집,2022-11-01,98.47619
대흥동 맛집,2022-12-01,72.68783
대흥동 맛집,2023-01-01,63.59788
대흥동 맛집,2023-02-01,90.5291
대흥동 맛집,2023-03-01,96.97619
대흥동 맛집,2023-04-01,55.13492
대흥동 맛집,2023-05-01,56.56613
대흥동 맛집,2023-06-01,53.96825
대흥동 맛집,2023-07-01,57.62433
대흥동 맛집,2023-08-01,61.03703
대흥동 맛집,2023-09-01,52.57407
대흥동 맛집,2023-10-01,50.88624
대흥동 맛집,2023-11-01,48.83333
대흥동 맛집,2023-12-01,58.13756
대흥동 맛집,2024-01-01,55.291
대흥동 맛집,2024-02-01,52.06084
대흥동 맛집,2024-03-01,55.11904
대흥동 맛집,2024-04-01,51.48412
대흥동 맛집,2024-05-01,52.8201
대흥동 맛집,2024-06-01,50.21164
대흥동 맛집,2024-07-01,55.17989
대흥동 맛집,2024-08-01,53.28835
대흥동 맛집,2024-09-01,49.33862
대흥동 맛집,2024-10-01,49.72222
대흥동 맛집,2024-11-01,48.5291
대흥동 맛집,2024-12-01,55.04232
대흥동 카페,2019-01-01,13.94973
대흥동 카페,2019-02-01,14.02645
대흥동 카페,2019-03-01,12.28835
대흥동 카페,2019-04-01,11.78306
대흥동 카페,2019-05-01,12.44444
대흥동 카페,2019-06-01,12.1455
대흥동 카페,2019-07-01,13.8783
대흥동 카페,2019-08-01,15.36772
대흥동 카페,2019-09-01,20.01322
대흥동 카페,2019-10-01,18.33333
대흥동 카페,2019-11-01,12.01322
대흥동 카페,2019-12-01,14.7037
대흥동 카페,2020-01-01,14.89153
대흥동 카페,2020-02-01,12.88624
대흥동 카페,2020-03-01,10.89153
대흥동 카페,2020-04-01,14.69047
대흥동 카페,2020-05-01,19.12169
대흥동 카페,2020-06-01,13.2619
대흥동 카페,2020-07-01,16.95238
대흥동 카페,2020-08-01,14.74603
대흥동 카페,2020-09-01,12.02116
대흥동 카페,2020-10-01,14.30423
대흥동 카페,2020-11-01,15.18518
대흥동 카페,2020-12-01,8.60846
대흥동 카페,2021-01-01,9.66137
대흥동 카페,2021-02-01,13.42063
대흥동 카페,2021-03-01,14.35449
대흥동 카페,2021-04-01,11.6164
대흥동 카페,2021-05-01,21.01322
대흥동 카페,2021-06-01,15.87037
대흥동 카페,2021-07-01,15.75132
대흥동 카페,2021-08-01,19.73015
대흥동 카페,2021-09-01,19.39682
대흥동 카페,2021-10-01,20.76719
대흥동 카페,2021-11-01,20.53968
대흥동 카페,2021-12-01,22.21693
대흥동 카페,2022-01-01,24.1164
대흥동 카페,2022-02-01,20.42063
대흥동 카페,2022-03-01,22.47089
대흥동 카페,2022-04-01,21.0582
대흥동 카페,2022-05-01,22.49735
대흥동 카페,2022-06-01,20.39417
대흥동 카페,2022-07-01,22.63756
대흥동 카페,2022-08-01,22.91005
대흥동 카페,2022-09-01,20.98412
대흥동 카페,2022-10-01,24.19312
대흥동 카페,2022-11-01,24.55026
대흥동 카페,2022-12-01,30.66666
대흥동 카페,2023-01-01,30.27777
대흥동 카페,2023-02-01,27.23015
대흥동 카페,2023-03-01,23.17195
대흥동 카페,2023-04-01,21.8492
대흥동 카페,2023-05-01,21.2328
대흥동 카페,2023-06-01,19.79629
대흥동 카페,2023-07-01,22.21957
대흥동 카페,2023-08-01,21.07936
대흥동 카페,2023-09-01,19.03703
대흥동 카페,2023-10-01,18.47089
대흥동 카페,2023-11-01,18.74074
대흥동 카페,2023-12-01,24.07936
대흥동 카페,2024-01-01,23.07936
대흥동 카페,2024-02-01,22.57671
대흥동 카페,2024-03-01,21.83862
대흥동 카페,2024-04-01,19.6164
대흥동 카페,2024-05-01,20.8492
대흥동 카페,2024-06-01,19.10052
대흥동 카페,2024-07-01,20.76984
대흥동 카페,2024-08-01,20.34656
대흥동 카페,2024-09-01,18.64021
대흥동 카페,2024-10-01,19.52645
대흥동 카페,2024-11-01,18.66666
대흥동 카페,2024-12-01,23.40211
도화동 맛집,2019-01-01,6.38888
도화동 맛집,2019-02-01,5.37566
도화동 맛집,2019-03-01,6.0873
도화동 맛집,2019-04-01,5.08201
도화동 맛집,2019-05-01,9.47619
도화동 맛집,2019-06-01,5.48148
도화동 맛집,2019-07-01,6.36507
도화동 맛집,2019-08-01,6.56878
도화동 맛집,2019-09-01,6.62698
도화동 맛집,2019-10-01,7.07142
도화동 맛집,2019-11-01,3.82539
도화동 맛집,2019-12-01,4.2619
도화동 맛집,2020-01-01,4.26984
도화동 맛집,2020-02-01,4.03703
도화동 맛집,2020-03-01,5.27777
도화동 맛집,2020-04-01,5.66931
도화동 맛집,2020-05-01,4.43915
도화동 맛집,2020-06-01,6.4365
도화동 맛집,2020-07-01,4.40211
도화동 맛집,2020-08-01,4.17989
도화동 맛집,2020-09-01,4.6746
도화동 맛집,2020-10-01,4.34391
도화동 맛집,2020-11-01,4.60846
도화동 맛집,2020-12-01,4.55026
도화동 맛집,2021-01-01,6.43121
도화동 맛집,2021-02-01,4.80687
도화동 맛집,2021-03-01,5.35185
도화동 맛집,2021-04-01,5.10846
도화동 맛집,2021-05-01,5.25132
도화동 맛집,2021-06-01,6.24867
도화동 맛집,2021-07-01,6.25925
도화동 맛집,2021-08-01,8.84391
도화동 맛집,2021-09-01,12.15608
도화동 맛집,2021-10-01,12.81746
도화동 맛집,2021-11-01,13.10317
도화동 맛집,2021-12-01,11.09259
도화동 맛집,2022-01-01,10.74867
도화동 맛집,2022-02-01,8.97354
도화동 맛집,2022-03-01,10.28571
도화동 맛집,2022-04-01,12.28306
도화동 맛집,2022-05-01,15.25925
도화동 맛집,2022-06-01,14.1455
도화동 맛집,2022-07-01,13.89947
도화동 맛집,2022-08-01,14.3492
도화동 맛집,2022-09-01,13.07671
도화동 맛집,2022-10-01,13.73809
도화동 맛집,2022-11-01,11.94708
도화동 맛집,2022-12-01,13.27777
도화동 맛집,2023-01-01,12.55555
도화동 맛집,2023-02-01,12.44973
도화동 맛집,2023-03-01,12.93121
도화동 맛집,2023-04-01,12.29894
도화동 맛집,2023-05-01,13.21164
도화동 맛집,2023-06-01,12.27777
도화동 맛집,2023-07-01,11.90476
도화동 맛집,2023-08-01,12.47619
도화동 맛집,2023-09-01,9.98148
도화동 맛집,2023-10-01,10.28306
도화동 맛집,2023-11-01,9.50793
도화동 맛집,2023-12-01,10.55026
도화동 맛집,2024-01-01,9.82804
도화동 맛집,2024-02-01,9.93915
도화동 맛집,2024-03-01,10.61904
도화동 맛집,2024-04-01,10.04497
도화동 맛집,2024-05-01,10.48412
도화동 맛집,2024-06-01,9.91798
도화동 맛집,2024-07-01,9.59788
도화동 맛집,2024-08-01,10.81216
도화동 맛집,2024-09-01,9.60052
도화동 맛집,2024-10-01,8.68518
도화동 맛집,2024-11-01,8.25925
도화동 맛집,2024-12-01,8.98148
도화동 카페,2019-01-01,29.5302
도화동 카페,2019-02-01,35.03355
도화동 카페,2019-03-01,39.59731
도화동 카페,2019-04-01,43.08724
도화동 카페,2019-05-01,32.08053
도화동 카페,2019-06-01,36.10738
도화동 카페,2019-07-01,34.7651
도화동 카페,2019-08-01,39.46308
도화동 카페,2019-09-01,33.42281
도화동 카페,2019-10-01,36.37583
도화동 카페,2019-11-01,38.92617
도화동 카페,2019-12-01,40.40268
도화동 카페,2020-01-01,43.08724
도화동 카페,2020-02-01,45.36912
도화동 카페,2020-03-01,57.1812
도화동 카페,2020-04-01,63.3557
도화동 카페,2020-05-01,65.10067
도화동 카페,2020-06-01,65.90604
도화동 카페,2020-07-01,62.68456
도화동 카페,2020-08-01,64.96644
도화동 카페,2020-09-01,53.8255
도화동 카페,2020-10-01,58.79194
도화동 카페,2020-11-01,36.51006
도화동 카페,2020-12-01,11.00671
도화동 카페,2021-01-01,36.51006
도화동 카페,2021-02-01,51.40939
도화동 카페,2021-03-01,73.15436
도화동 카페,2021-04-01,82.68456
도화동 카페,2021-05-01,84.69798
도화동 카페,2021-06-01,81.34228
도화동 카페,2021-07-01,88.05369
도화동 카페,2021-08-01,100
도화동 카페,2021-09-01,89.26174
도화동 카페,2021-10-01,89.66442
도화동 카페,2021-11-01,75.16778
도화동 카페,2021-12-01,68.32214
도화동 카페,2022-01-01,75.30201
도화동 카페,2022-02-01,80.40268
도화동 카페,2022-03-01,73.55704
도화동 카페,2022-04-01,93.02013
도화동 카페,2022-05-01,97.04697
도화동 카페,2022-06-01,89.93288
도화동 카페,2022-07-01,92.8859
도화동 카페,2022-08-01,95.83892
도화동 카페,2022-09-01,83.75838
도화동 카페,2022-10-01,73.55704
도화동 카페,2022-11-01,64.83221
도화동 카페,2022-12-01,73.42281
도화동 카페,2023-01-01,77.1812
도화동 카페,2023-02-01,71.27516
도화동 카페,2023-03-01,66.44295
도화동 카페,2023-04-01,62.4161
도화동 카페,2023-05-01,65.63758
도화동 카페,2023-06-01,64.56375
도화동 카페,2023-07-01,56.51006
도화동 카페,2023-08-01,55.97315
도화동 카페,2023-09-01,50.87248
도화동 카페,2023-10-01,49.93288
도화동 카페,2023-11-01,50.60402
도화동 카페,2023-12-01,60.93959
도화동 카페,2024-01-01,53.8255
도화동 카페,2024-02-01,64.69798
도화동 카페,2024-03-01,61.47651
도화동 카페,2024-04-01,52.8859
도화동 카페,2024-05-01,54.7651
도화동 카페,2024-06-01,55.16778
도화동 카페,2024-07-01,51.27516
도화동 카페,2024-08-01,56.77852
도화동 카페,2024-09-01,53.02013
도화동 카페,2024-10-01,43.08724
도화동 카페,2024-11-01,32.75167
도화동 카페,2024-12-01,42.28187
망원1동 맛집,2020-04-01,0.67114
망원1동 맛집,2020-05-01,0.80536
망원1동 맛집,2020-09-01,0.67114
망원1동 맛집,2021-04-01,0.93959
망원1동 맛집,2021-11-01,0.80536
망원1동 맛집,2022-10-01,0.67114
망원1동 맛집,2022-11-01,0.67114
망원1동 맛집,2023-01-01,0.67114
망원1동 맛집,2023-03-01,0.67114
망원1동 맛집,2023-10-01,0.67114
망원2동 맛집,2019-01-01,0.93959
망원2동 맛집,2019-05-01,0.67114
망원2동 맛집,2019-06-01,0.80536
망원2동 맛집,2019-07-01,0.67114
망원2동 맛집,2019-08-01,1.47651
망원2동 맛집,2019-09-01,0.93959
망원2동 맛집,2019-10-01,2.68456
망원2동 맛집,2019-11-01,0.67114
망원2동 맛집,2019-12-01,1.61073
망원2동 맛집,2020-02-01,0.67114
망원2동 맛집,2020-03-01,1.61073
망원2동 맛집,2020-04-01,0.67114
망원2동 맛집,2020-05-01,1.74496
망원2동 맛집,2020-06-01,0.80536
망원2동 맛집,2020-11-01,0.93959
망원2동 맛집,2021-01-01,0.67114
망원2동 맛집,2021-04-01,0.80536
망원2동 맛집,2021-05-01,2.4161
망원2동 맛집,2021-07-01,0.67114
망원2동 맛집,2021-09-01,1.47651
망원2동 맛집,2021-10-01,0.67114
망원2동 맛집,2021-11-01,1.87919
망원2동 맛집,2021-12-01,1.47651
망원2동 맛집,2022-01-01,0.67114
망원2동 맛집,2022-04-01,0.80536
망원2동 맛집,2022-05-01,4.83221
망원2동 맛집,2022-07-01,2.28187
망원2동 맛집,2022-08-01,1.34228
망원2동 맛집,2022-09-01,2.4161
망원2동 맛집,2022-10-01,1.47651
망원2동 맛집,2022-11-01,3.89261
망원2동 맛집,2022-12-01,1.61073
망원2동 맛집,2023-01-01,0.67114
망원2동 맛집,2023-04-01,1.34228
망원2동 맛집,2023-05-01,0.80536
망원2동 맛집,2023-07-01,0.67114
망원2동 맛집,2024-05-01,0.67114
망원2동 맛집,2024-06-01,1.47651
망원2동 맛집,2024-07-01,0.80536
망원2동 맛집,2024-08-01,0.80536
망원2동 맛집,2024-10-01,1.47651
망원2동 맛집,2024-11-01,2.28187
망원2동 카페,2019-02-01,0.80536
망원2동 카페,2020-01-01,0.80536
망원2동 카페,2020-03-01,0.67114
망원2동 카페,2020-04-01,0.80536
망원2동 카페,2021-05-01,0.93959
망원2동 카페,2021-06-01,0.80536
망원2동 카페,2021-11-01,0.93959
망원2동 카페,2022-02-01,0.67114
망원2동 카페,2022-04-01,0.93959
망원2동 카페,2022-06-01,0.67114
망원2동 카페,2023-02-01,0.80536
망원2동 카페,2023-04-01,0.67114
망원2동 카페,2024-01-01,0.67114
망원2동 카페,2024-04-01,0.67114
망원2동 카페,2024-06-01,0.67114
상암동 맛집,2019-01-01,59.48373
상암동 맛집,2019-02-01,53.17501
상암동 맛집,2019-03-01,56.53323
상암동 맛집,2019-04-01,53.05655
상암동 맛집,2019-05-01,62.96592
상암동 맛집,2019-06-01,51.16118
상암동 맛집,2019-07-01,61.53888
상암동 맛집,2019-08-01,65.41502
상암동 맛집,2019-09-01,55.83073
상암동 맛집,2019-10-01,100
상암동 맛집,2019-11-01,69.66858
상암동 맛집,2019-12-01,74.37394
상암동 맛집,2020-01-01,61.56092
상암동 맛집,2020-02-01,51.45596
상암동 맛집,2020-03-01,45.2905
상암동 맛집,2020-04-01,50.82784
상암동 맛집,2020-05-01,61.79509
상암동 맛집,2020-06-01,53.90782
상암동 맛집,2020-07-01,59.84462
상암동 맛집,2020-08-01,50.95181
상암동 맛집,2020-09-01,45.15551
상암동 맛집,2020-10-01,55.46433
상암동 맛집,2020-11-01,46.31808
상암동 맛집,2020-12-01,28.95672
상암동 맛집,2021-01-01,32.81633
상암동 맛집,2021-02-01,39.3537
상암동 맛집,2021-03-01,49.02338
상암동 맛집,2021-04-01,50.00137
상암동 맛집,2021-05-01,52.67913
상암동 맛집,2021-06-01,48.55781
상암동 맛집,2021-07-01,39.89917
상암동 맛집,2021-08-01,42.59621
상암동 맛집,2021-09-01,46.70376
상암동 맛집,2021-10-01,62.7593
상암동 맛집,2021-11-01,54.43676
상암동 맛집,2021-12-01,44.95991
상암동 맛집,2022-01-01,42.08655
상암동 맛집,2022-02-01,41.1554
상암동 맛집,2022-03-01,47.6542
상암동 맛집,2022-04-01,55.99878
상암동 맛집,2022-05-01,63.72076
상암동 맛집,2022-06-01,55.78941
상암동 맛집,2022-07-01,63.94391
상암동 맛집,2022-08-01,63.80892
상암동 맛집,2022-09-01,58.25229
상암동 맛집,2022-10-01,72.49235
상암동 맛집,2022-11-01,56.33213
상암동 맛집,2022-12-01,60.46447
상암동 맛집,2023-01-01,55.18058
상암동 맛집,2023-02-01,52.29896
상암동 맛집,2023-03-01,56.26876
상암동 맛집,2023-04-01,53.96567
상암동 맛집,2023-05-01,58.9603
상암동 맛집,2023-06-01,52.9684
상암동 맛집,2023-07-01,54.2081
상암동 맛집,2023-08-01,50.21901
상암동 맛집,2023-09-01,46.37317
상암동 맛집,2023-10-01,58.93275
상암동 맛집,2023-11-01,45.89107
상암동 맛집,2023-12-01,47.61288
상암동 맛집,2024-01-01,48.5523
상암동 맛집,2024-02-01,43.62654
상암동 맛집,2024-03-01,52.07581
상암동 맛집,2024-04-01,46.94344
상암동 맛집,2024-05-01,51.59095
상암동 맛집,2024-06-01,44.59626
상암동 맛집,2024-07-01,44.02325
상암동 맛집,2024-08-01,44.82217
상암동 맛집,2024-09-01,39.91019
상암동 맛집,2024-10-01,44.60728
상암동 맛집,2024-11-01,37.09193
상암동 맛집,2024-12-01,35.59877
상암동 카페,2019-01-01,4.58414
상암동 카페,2019-02-01,3.84308
상암동 카페,2019-03-01,4.01663
상암동 카페,2019-04-01,3.77971
상암동 카페,2019-05-01,3.799
상암동 카페,2019-06-01,3.63646
상암동 카페,2019-07-01,3.94501
상암동 카페,2019-08-01,4.16815
상암동 카페,2019-09-01,3.74665
상암동 카페,2019-10-01,6.5291
상암동 카페,2019-11-01,4.60894
상암동 카페,2019-12-01,5.11308
상암동 카페,2020-01-01,4.21223
상암동 카페,2020-02-01,5.01942
상암동 카페,2020-03-01,5.48499
상암동 카페,2020-04-01,6.11311
상암동 카페,2020-05-01,6.56767
상암동 카페,2020-06-01,6.36381
상암동 카페,2020-07-01,6.28116
상암동 카페,2020-08-01,6.26739
상암동 카페,2020-09-01,4.90371
상암동 카페,2020-10-01,6.37483
상암동 카페,2020-11-01,4.74668
상암동 카페,2020-12-01,1.1543
상암동 카페,2021-01-01,2.38023
상암동 카페,2021-02-01,4.54833
상암동 카페,2021-03-01,5.33072
상암동 카페,2021-04-01,4.86514
상암동 카페,2021-05-01,5.68335
상암동 카페,2021-06-01,5.05248
상암동 카페,2021-07-01,4.98636
상암동 카페,2021-08-01,5.72467
상암동 카페,2021-09-01,5.53183
상암동 카페,2021-10-01,6.93407
상암동 카페,2021-11-01,5.66131
상암동 카페,2021-12-01,4.55659
상암동 카페,2022-01-01,4.93953
상암동 카페,2022-02-01,4.76872
상암동 카페,2022-03-01,5.49877
상암동 카페,2022-04-01,5.92853
상암동 카페,2022-05-01,5.71916
상암동 카페,2022-06-01,5.4299
상암동 카페,2022-07-01,6.09934
상암동 카페,2022-08-01,5.88721
상암동 카페,2022-09-01,6.11862
상암동 카페,2022-10-01,7.13793
상암동 카페,2022-11-01,5.29491
상암동 카페,2022-12-01,5.35827
상암동 카페,2023-01-01,5.55662
상암동 카페,2023-02-01,5.22052
상암동 카페,2023-03-01,5.34174
상암동 카페,2023-04-01,5.11584
상암동 카페,2023-05-01,5.31695
상암동 카페,2023-06-01,4.8982
상암동 카페,2023-07-01,5.19573
상암동 카페,2023-08-01,4.38579
상암동 카페,2023-09-01,3.95878
상암동 카페,2023-10-01,4.52629
상암동 카페,2023-11-01,3.96154
상암동 카페,2023-12-01,4.19846
상암동 카페,2024-01-01,3.8541
상암동 카페,2024-02-01,3.30587
상암동 카페,2024-03-01,3.76869
상암동 카페,2024-04-01,3.66676
상암동 카페,2024-05-01,3.63095
상암동 카페,2024-06-01,3.00559
상암동 카페,2024-07-01,3.4078
상암동 카페,2024-08-01,3.59514
상암동 카페,2024-09-01,3.31138
상암동 카페,2024-10-01,3.73839
상암동 카페,2024-11-01,3.03865
상암동 카페,2024-12-01,3.35546
서강동 맛집,2019-03-01,0.01377
서강동 맛집,2019-04-01,0.01377
서강동 맛집,2020-06-01,0.04407
서강동 맛집,2020-08-01,0.01377
서강동 맛집,2020-11-01,0.01652
서강동 맛집,2021-02-01,0.01652
서강동 맛집,2021-03-01,0.03305
서강동 맛집,2021-06-01,0.01377
서강동 맛집,2021-08-01,0.01377
서강동 맛집,2022-04-01,0.01377
서강동 맛집,2022-05-01,0.01377
서강동 맛집,2022-06-01,0.0303
서강동 맛집,2022-07-01,0.02203
서강동 맛집,2022-08-01,0.01928
서강동 맛집,2022-09-01,0.02479
서강동 맛집,2022-11-01,0.01928
서강동 맛집,2022-12-01,0.01377
서강동 맛집,2023-01-01,0.01377
서강동 맛집,2023-04-01,0.01377
서강동 맛집,2023-05-01,0.01377
서강동 맛집,2023-06-01,0.01377
서강동 맛집,2023-10-01,0.01928
서강동 맛집,2024-02-01,0.01377
서강동 맛집,2024-03-01,0.01652
서강동 맛집,2024-04-01,0.01377
서강동 맛집,2024-10-01,0.01377
서강동 맛집,2024-12-01,0.01377
서강동 카페,2020-09-01,0.01377
서강동 카페,2020-10-01,0.01377
서강동 카페,2022-11-01,0.01377
서강동 카페,2024-04-01,0.01377
서교동 맛집,2019-01-01,17.04179
서교동 맛집,2019-02-01,11.93972
서교동 맛집,2019-03-01,12.90944
서교동 맛집,2019-04-01,10.37769
서교동 맛집,2019-05-01,15.95636
서교동 맛집,2019-06-01,11.30885
서교동 맛집,2019-07-01,14.05823
서교동 맛집,2019-08-01,15.16019
서교동 맛집,2019-09-01,12.37224
서교동 맛집,2019-10-01,14.41086
서교동 맛집,2019-11-01,11.35017
서교동 맛집,2019-12-01,12.81578
서교동 맛집,2020-01-01,14.51555
서교동 맛집,2020-02-01,12.802
서교동 맛집,2020-03-01,13.12432
서교동 맛집,2020-04-01,14.41362
서교동 맛집,2020-05-01,10.10771
서교동 맛집,2020-06-01,11.35292
서교동 맛집,2020-07-01,12.73864
서교동 맛집,2020-08-01,10.15454
서교동 맛집,2020-09-01,7.33353
서교동 맛집,2020-10-01,10.09394
서교동 맛집,2020-11-01,11.33364
서교동 맛집,2020-12-01,5.4051
서교동 맛집,2021-01-01,6.8955
서교동 맛집,2021-02-01,9.09942
서교동 맛집,2021-03-01,11.25375
서교동 맛집,2021-04-01,11.30885
서교동 맛집,2021-05-01,12.73037
서교동 맛집,2021-06-01,13.43287
서교동 맛집,2021-07-01,10.0168
서교동 맛집,2021-08-01,12.77445
서교동 맛집,2021-09-01,13.90671
서교동 맛집,2021-10-01,12.63671
서교동 맛집,2021-11-01,12.28133
서교동 맛집,2021-12-01,13.14912
서교동 맛집,2022-01-01,11.54577
서교동 맛집,2022-02-01,10.0471
서교동 맛집,2022-03-01,10.73307
서교동 맛집,2022-04-01,11.59811
서교동 맛집,2022-05-01,13.57062
서교동 맛집,2022-06-01,13.26758
서교동 맛집,2022-07-01,15.54312
서교동 맛집,2022-08-01,14.1519
서교동 맛집,2022-09-01,11.32538
서교동 맛집,2022-10-01,12.01135
서교동 맛집,2022-11-01,11.07193
서교동 맛집,2022-12-01,13.04443
서교동 맛집,2023-01-01,12.00308
서교동 맛집,2023-02-01,13.11881
서교동 맛집,2023-03-01,13.1133
서교동 맛집,2023-04-01,11.44659
서교동 맛집,2023-05-01,11.58709
서교동 맛집,2023-06-01,10.45758
서교동 맛집,2023-07-01,11.05815
서교동 맛집,2023-08-01,10.554
서교동 맛집,2023-09-01,8.25367
서교동 맛집,2023-10-01,8.72475
서교동 맛집,2023-11-01,8.9176
서교동 맛집,2023-12-01,14.45769
서교동 맛집,2024-01-01,9.80743
서교동 맛집,2024-02-01,8.75781
서교동 맛집,2024-03-01,9.18482
서교동 맛집,2024-04-01,8.50712
서교동 맛집,2024-05-01,10.55951
서교동 맛집,2024-06-01,8.01123
서교동 맛집,2024-07-01,8.92862
서교동 맛집,2024-08-01,9.19309
서교동 맛집,2024-09-01,8.03327
서교동 맛집,2024-10-01,8.25091
서교동 맛집,2024-11-01,7.3418
서교동 맛집,2024-12-01,7.82941
서교동 카페,2019-01-01,70.01919
서교동 카페,2019-02-01,61.11324
서교동 카페,2019-03-01,60.42226
서교동 카페,2019-04-01,49.28982
서교동 카페,2019-05-01,73.62763
서교동 카페,2019-06-01,50.32629
서교동 카페,2019-07-01,59.19385
서교동 카페,2019-08-01,61.5355
서교동 카페,2019-09-01,46.64107
서교동 카페,2019-10-01,57.31285
서교동 카페,2019-11-01,57.69673
서교동 카페,2019-12-01,66.33397
서교동 카페,2020-01-01,100
서교동 카페,2020-02-01,99.92322
서교동 카페,2020-03-01,57.92706
서교동 카페,2020-04-01,63.18618
서교동 카페,2020-05-01,55.70057
서교동 카페,2020-06-01,62.22648
서교동 카페,2020-07-01,64.26103
서교동 카페,2020-08-01,54.62571
서교동 카페,2020-09-01,39.50095
서교동 카페,2020-10-01,53.89635
서교동 카페,2020-11-01,45.71976
서교동 카페,2020-12-01,10.71017
서교동 카페,2021-01-01,30.51823
서교동 카페,2021-02-01,54.24184
서교동 카페,2021-03-01,53.78119
서교동 카페,2021-04-01,62.30326
서교동 카페,2021-05-01,74.62571
서교동 카페,2021-06-01,71.51631
서교동 카페,2021-07-01,54.62571
서교동 카페,2021-08-01,68.13819
서교동 카페,2021-09-01,64.72168
서교동 카페,2021-10-01,59.80806
서교동 카페,2021-11-01,62.30326
서교동 카페,2021-12-01,60.65259
서교동 카페,2022-01-01,63.99232
서교동 카페,2022-02-01,59.80806
서교동 카페,2022-03-01,56.31477
서교동 카페,2022-04-01,59.46257
서교동 카페,2022-05-01,64.60652
서교동 카페,2022-06-01,59.80806
서교동 카페,2022-07-01,71.97696
서교동 카페,2022-08-01,66.67946
서교동 카페,2022-09-01,50.97888
서교동 카페,2022-10-01,56.58349
서교동 카페,2022-11-01,56.77543
서교동 카페,2022-12-01,60.46065
서교동 카페,2023-01-01,65.9117
서교동 카페,2023-02-01,68.71401
서교동 카페,2023-03-01,65.95009
서교동 카페,2023-04-01,57.69673
서교동 카페,2023-05-01,51.47792
서교동 카페,2023-06-01,48.98272
서교동 카페,2023-07-01,53.05182
서교동 카페,2023-08-01,55.08637
서교동 카페,2023-09-01,40.23032
서교동 카페,2023-10-01,39.92322
서교동 카페,2023-11-01,39.69289
서교동 카페,2023-12-01,37.35124
서교동 카페,2024-01-01,43.60844
서교동 카페,2024-02-01,44.22264
서교동 카페,2024-03-01,40.9213
서교동 카페,2024-04-01,36.35316
서교동 카페,2024-05-01,40.65259
서교동 카페,2024-06-01,37.19769
서교동 카페,2024-07-01,42.34165
서교동 카페,2024-08-01,44.29942
서교동 카페,2024-09-01,35.35508
서교동 카페,2024-10-01,38.61804
서교동 카페,2024-11-01,40.34548
서교동 카페,2024-12-01,37.00575
성산1동 맛집,2019-04-01,0.19193
성산1동 맛집,2019-12-01,0.19193
성산1동 맛집,2020-05-01,0.42226
성산1동 맛집,2020-07-01,0.19193
성산1동 맛집,2021-03-01,0.23032
성산1동 맛집,2021-04-01,0.23032
성산1동 맛집,2022-03-01,0.42226
성산1동 맛집,2022-05-01,0.19193
성산1동 맛집,2022-07-01,0.76775
성산1동 맛집,2022-08-01,0.46065
성산1동 맛집,2022-11-01,0.19193
성산1동 맛집,2022-12-01,0.19193
성산1동 맛집,2023-01-01,0.19193
성산1동 맛집,2023-03-01,0.19193
성산1동 맛집,2024-03-01,0.23032
성산1동 맛집,2024-04-01,0.19193
성산1동 카페,2021-12-01,0.19193
성산1동 카페,2022-05-01,0.19193
성산1동 카페,2023-04-01,0.19193
성산1동 카페,2024-01-01,0.26871
성산1동 카페,2024-03-01,0.19193
성산1동 카페,2024-05-01,0.19193
성산2동 맛집,2019-01-01,0.26871
성산2동 맛집,2019-02-01,0.38387
성산2동 맛집,2019-03-01,0.19193
성산2동 맛집,2019-04-01,0.6142
성산2동 맛집,2019-05-01,0.46065
성산2동 맛집,2019-06-01,0.38387
성산2동 맛집,2019-08-01,0.6142
성산2동 맛집,2019-10-01,0.6142
성산2동 맛집,2019-12-01,0.26871
성산2동 맛집,2020-01-01,0.3071
성산2동 맛집,2020-02-01,1.34357
성산2동 맛집,2020-03-01,0.69097
성산2동 맛집,2020-04-01,1.99616
성산2동 맛집,2020-05-01,1.5355
성산2동 맛집,2020-06-01,0.84452
성산2동 맛집,2020-07-01,1.57389
성산2동 맛집,2020-08-01,0.46065
성산2동 맛집,2020-09-01,1.07485
성산2동 맛집,2020-10-01,0.26871
성산2동 맛집,2020-11-01,0.69097
성산2동 맛집,2020-12-01,0.19193
성산2동 맛집,2021-01-01,0.19193
성산2동 맛집,2021-02-01,0.3071
성산2동 맛집,2021-03-01,0.42226
성산2동 맛집,2021-04-01,0.42226
성산2동 맛집,2021-05-01,0.88291
성산2동 맛집,2021-06-01,0.72936
성산2동 맛집,2021-07-01,0.72936
성산2동 맛집,2021-08-01,0.80614
성산2동 맛집,2021-09-01,0.95969
성산2동 맛집,2021-10-01,1.07485
성산2동 맛집,2021-11-01,0.76775
성산2동 맛집,2021-12-01,0.65259
성산2동 맛집,2022-01-01,0.38387
성산2동 맛집,2022-02-01,0.19193
성산2동 맛집,2022-03-01,1.03646
성산2동 맛집,2022-04-01,1.42034
성산2동 맛집,2022-05-01,1.49712
성산2동 맛집,2022-06-01,1.34357
성산2동 맛집,2022-07-01,1.65067
성산2동 맛집,2022-08-01,1.57389
성산2동 맛집,2022-09-01,0.42226
성산2동 맛집,2022-10-01,0.34548
성산2동 맛집,2022-11-01,0.88291
성산2동 맛집,2022-12-01,0.65259
성산2동 맛집,2023-01-01,0.46065
성산2동 맛집,2023-02-01,0.38387
성산2동 맛집,2023-03-01,0.49904
성산2동 맛집,2023-04-01,0.38387
성산2동 맛집,2023-05-01,1.30518
성산2동 맛집,2023-06-01,0.57581
성산2동 맛집,2023-07-01,0.69097
성산2동 맛집,2023-08-01,0.19193
성산2동 맛집,2023-12-01,0.46065
성산2동 맛집,2024-02-01,0.69097
성산2동 맛집,2024-04-01,0.69097
성산2동 맛집,2024-05-01,0.53742
성산2동 맛집,2024-06-01,0.19193
성산2동 맛집,2024-08-01,0.38387
성산2동 맛집,2024-09-01,0.46065
성산2동 카페,2019-04-01,0.3071
성산2동 카페,2020-02-01,0.19193
성산2동 카페,2020-03-01,0.34548
성산2동 카페,2020-04-01,0.23032
성산2동 카페,2020-06-01,0.19193
성산2동 카페,2020-09-01,0.38387
성산2동 카페,2020-10-01,0.19193
성산2동 카페,2021-03-01,0.26871
성산2동 카페,2021-04-01,0.42226
성산2동 카페,2021-09-01,0.38387
성산2동 카페,2021-12-01,0.19193
성산2동 카페,2022-02-01,0.23032
성산2동 카페,2022-06-01,0.19193
성산2동 카페,2022-11-01,0.23032
성산2동 카페,2024-11-01,0.19193
신수동 맛집,2019-01-01,0.3839
신수동 맛집,2019-02-01,0.37531
신수동 맛집,2019-03-01,0.36925
신수동 맛집,2019-04-01,0.31571
신수동 맛집,2019-05-01,0.40916
신수동 맛집,2019-06-01,0.31318
신수동 맛집,2019-07-01,0.39501
신수동 맛집,2019-08-01,0.40158
신수동 맛집,2019-09-01,0.33894
신수동 맛집,2019-10-01,0.41421
신수동 맛집,2019-11-01,0.39552
신수동 맛집,2019-12-01,0.40865
신수동 맛집,2020-01-01,0.37784
신수동 맛집,2020-02-01,0.37885
신수동 맛집,2020-03-01,0.34096
신수동 맛집,2020-04-01,0.38946
신수동 맛집,2020-05-01,0.60869
신수동 맛집,2020-06-01,0.45866
신수동 맛집,2020-07-01,0.492
신수동 맛집,2020-08-01,0.45159
신수동 맛집,2020-09-01,0.24751
신수동 맛집,2020-10-01,0.35763
신수동 맛집,2020-11-01,0.33793
신수동 맛집,2020-12-01,0.19851
신수동 맛집,2021-01-01,0.21114
신수동 맛집,2021-02-01,0.26065
신수동 맛집,2021-03-01,0.35915
신수동 맛집,2021-04-01,0.43896
신수동 맛집,2021-05-01,0.45917
신수동 맛집,2021-06-01,0.50311
신수동 맛집,2021-07-01,0.39703
신수동 맛집,2021-08-01,0.36168
신수동 맛집,2021-09-01,0.41269
신수동 맛집,2021-10-01,0.39198
신수동 맛집,2021-11-01,0.38441
신수동 맛집,2021-12-01,0.37986
신수동 맛집,2022-01-01,0.36269
신수동 맛집,2022-02-01,0.33945
신수동 맛집,2022-03-01,0.42179
신수동 맛집,2022-04-01,0.50008
신수동 맛집,2022-05-01,0.57484
신수동 맛집,2022-06-01,0.56828
신수동 맛집,2022-07-01,0.52686
신수동 맛집,2022-08-01,0.50867
신수동 맛집,2022-09-01,0.38239
신수동 맛집,2022-10-01,0.42583
신수동 맛집,2022-11-01,0.36976
신수동 맛집,2022-12-01,0.43896
신수동 맛집,2023-01-01,0.35915
신수동 맛집,2023-02-01,0.33793
신수동 맛집,2023-03-01,0.39956
신수동 맛집,2023-04-01,0.36471
신수동 맛집,2023-05-01,0.46321
신수동 맛집,2023-06-01,0.38744
신수동 맛집,2023-07-01,0.37582
신수동 맛집,2023-08-01,0.4425
신수동 맛집,2023-09-01,0.38239
신수동 맛집,2023-10-01,0.33238
신수동 맛집,2023-11-01,0.29449
신수동 맛집,2023-12-01,0.30712
신수동 맛집,2024-01-01,0.32581
신수동 맛집,2024-02-01,0.30712
신수동 맛집,2024-03-01,0.32429
신수동 맛집,2024-04-01,0.32076
신수동 맛집,2024-05-01,0.3738
신수동 맛집,2024-06-01,0.30661
신수동 맛집,2024-07-01,0.31419
신수동 맛집,2024-08-01,0.28489
신수동 맛집,2024-09-01,0.24398
신수동 맛집,2024-10-01,0.2465
신수동 맛집,2024-11-01,0.21316
신수동 맛집,2024-12-01,0.2556
신수동 카페,2019-01-01,0.05303
신수동 카페,2019-02-01,0.09092
신수동 카페,2019-03-01,0.12072
신수동 카페,2019-04-01,0.06869
신수동 카페,2019-05-01,0.05404
신수동 카페,2019-06-01,0.0591
신수동 카페,2019-07-01,0.04041
신수동 카페,2019-08-01,0.04596
신수동 카페,2019-09-01,0.02323
신수동 카페,2019-10-01,0.03738
신수동 카페,2019-11-01,0.03283
신수동 카페,2019-12-01,0.05051
신수동 카페,2020-01-01,0.05253
신수동 카페,2020-02-01,0.06667
신수동 카페,2020-03-01,0.08738
신수동 카페,2020-04-01,0.11062
신수동 카페,2020-05-01,0.09547
신수동 카페,2020-06-01,0.08132
신수동 카페,2020-07-01,0.05758
신수동 카페,2020-08-01,0.07021
신수동 카페,2020-09-01,0.04697
신수동 카페,2020-10-01,0.05455
신수동 카페,2020-11-01,0.02727
신수동 카페,2021-01-01,0.05758
신수동 카페,2021-02-01,0.08587
신수동 카페,2021-03-01,0.09193
신수동 카페,2021-04-01,0.11315
신수동 카페,2021-05-01,0.06819
신수동 카페,2021-06-01,0.09092
신수동 카페,2021-07-01,0.09597
신수동 카페,2021-08-01,0.06516
신수동 카페,2021-09-01,0.07526
신수동 카페,2021-10-01,0.05152
신수동 카페,2021-11-01,0.03637
신수동 카페,2021-12-01,0.02929
신수동 카페,2022-01-01,0.06617
신수동 카페,2022-02-01,0.07223
신수동 카페,2022-03-01,0.10658
신수동 카페,2022-04-01,0.12274
신수동 카페,2022-05-01,0.08789
신수동 카페,2022-06-01,0.09597
신수동 카페,2022-07-01,0.10153
신수동 카페,2022-08-01,0.11517
신수동 카페,2022-09-01,0.07375
신수동 카페,2022-10-01,0.07172
신수동 카페,2022-11-01,0.0793
신수동 카페,2022-12-01,0.099
신수동 카페,2023-01-01,0.09951
신수동 카페,2023-02-01,0.12022
신수동 카페,2023-03-01,0.11921
신수동 카페,2023-04-01,0.08082
신수동 카페,2023-05-01,0.10708
신수동 카페,2023-06-01,0.08284
신수동 카페,2023-07-01,0.10203
신수동 카페,2023-08-01,0.12982
신수동 카페,2023-09-01,0.13638
신수동 카페,2023-10-01,0.11567
신수동 카페,2023-11-01,0.08435
신수동 카페,2023-12-01,0.08688
신수동 카페,2024-01-01,0.07172
신수동 카페,2024-02-01,0.06566
신수동 카페,2024-03-01,0.05354
신수동 카페,2024-04-01,0.06112
신수동 카페,2024-05-01,0.05051
신수동 카페,2024-06-01,0.08587
신수동 카페,2024-07-01,0.06516
신수동 카페,2024-08-01,0.04899
신수동 카페,2024-09-01,0.0596
신수동 카페,2024-10-01,0.0394
신수동 카페,2024-11-01,0.02879
신수동 카페,2024-12-01,0.02222
아현동 맛집,2019-01-01,0.97643
아현동 맛집,2019-02-01,0.88298
아현동 맛집,2019-03-01,0.98653
아현동 맛집,2019-04-01,0.99411
아현동 맛집,2019-05-01,1.96852
아현동 맛집,2019-06-01,1.24466
아현동 맛집,2019-07-01,1.34013
아현동 맛집,2019-08-01,1.5139
아현동 맛집,2019-09-01,1.34922
아현동 맛집,2019-10-01,1.47298
아현동 맛집,2019-11-01,1.13909
아현동 맛집,2019-12-01,0.97593
아현동 맛집,2020-01-01,0.88146
아현동 맛집,2020-02-01,0.80418
아현동 맛집,2020-03-01,0.77488
아현동 맛집,2020-04-01,0.88197
아현동 맛집,2020-05-01,1.14515
아현동 맛집,2020-06-01,0.90723
아현동 맛집,2020-07-01,1.07998
아현동 맛집,2020-08-01,0.95319
아현동 맛집,2020-09-01,0.72437
아현동 맛집,2020-10-01,0.84913
아현동 맛집,2020-11-01,0.87187
아현동 맛집,2020-12-01,0.57585
아현동 맛집,2021-01-01,0.8062
아현동 맛집,2021-02-01,0.78801
아현동 맛집,2021-03-01,0.86681
아현동 맛집,2021-04-01,0.87692
아현동 맛집,2021-05-01,1.07544
아현동 맛집,2021-06-01,0.9936
아현동 맛집,2021-07-01,0.85166
아현동 맛집,2021-08-01,0.81933
아현동 맛집,2021-09-01,0.77943
아현동 맛집,2021-10-01,0.89712
아현동 맛집,2021-11-01,0.87136
아현동 맛집,2021-12-01,0.72891
아현동 맛집,2022-01-01,0.76276
아현동 맛집,2022-02-01,0.65112
아현동 맛집,2022-03-01,0.74205
아현동 맛집,2022-04-01,0.83701
아현동 맛집,2022-05-01,1.01128
아현동 맛집,2022-06-01,0.88146
아현동 맛집,2022-07-01,0.9148
아현동 맛집,2022-08-01,0.91985
아현동 맛집,2022-09-01,0.79357
아현동 맛집,2022-10-01,0.934
아현동 맛집,2022-11-01,0.95926
아현동 맛집,2022-12-01,0.94915
아현동 맛집,2023-01-01,0.95926
아현동 맛집,2023-02-01,1.04765
아현동 맛집,2023-03-01,1.05574
아현동 맛집,2023-04-01,0.86277
아현동 맛집,2023-05-01,0.98754
아현동 맛집,2023-06-01,0.75871
아현동 맛집,2023-07-01,0.83196
아현동 맛집,2023-08-01,0.71426
아현동 맛집,2023-09-01,0.64657
아현동 맛집,2023-10-01,0.72437
아현동 맛집,2023-11-01,0.65567
아현동 맛집,2023-12-01,0.62788
아현동 맛집,2024-01-01,0.66728
아현동 맛집,2024-02-01,0.68547
아현동 맛집,2024-03-01,0.71931
아현동 맛집,2024-04-01,0.64253
아현동 맛집,2024-05-01,0.70921
아현동 맛집,2024-06-01,0.66728
아현동 맛집,2024-07-01,0.64354
아현동 맛집,2024-08-01,0.64203
아현동 맛집,2024-09-01,0.62031
아현동 맛집,2024-10-01,0.7178
아현동 맛집,2024-11-01,0.60566
아현동 맛집,2024-12-01,0.63546
아현동 카페,2019-01-01,0.13941
아현동 카페,2019-02-01,0.11365
아현동 카페,2019-03-01,0.11264
아현동 카페,2019-04-01,0.05758
아현동 카페,2019-05-01,0.06667
아현동 카페,2019-06-01,0.04243
아현동 카페,2019-07-01,0.06263
아현동 카페,2019-08-01,0.04243
아현동 카페,2019-09-01,0.06061
아현동 카페,2019-10-01,0.04091
아현동 카페,2019-11-01,0.05657
아현동 카페,2019-12-01,0.05506
아현동 카페,2020-01-01,0.06617
아현동 카페,2020-02-01,0.04899
아현동 카페,2020-03-01,0.07476
아현동 카페,2020-04-01,0.0793
아현동 카페,2020-05-01,0.09042
아현동 카페,2020-06-01,0.08183
아현동 카페,2020-07-01,0.07071
아현동 카페,2020-08-01,0.07678
아현동 카페,2020-09-01,0.06465
아현동 카페,2020-10-01,0.05202
아현동 카페,2020-11-01,0.05404
아현동 카페,2020-12-01,0.00959
아현동 카페,2021-01-01,0.02172
아현동 카페,2021-02-01,0.07526
아현동 카페,2021-03-01,0.07728
아현동 카페,2021-04-01,0.09092
아현동 카페,2021-05-01,0.12628
아현동 카페,2021-06-01,0.08991
아현동 카페,2021-07-01,0.09193
아현동 카페,2021-08-01,0.11921
아현동 카페,2021-09-01,0.12628
아현동 카페,2021-10-01,0.15709
아현동 카페,2021-11-01,0.1187
아현동 카페,2021-12-01,0.09597
아현동 카페,2022-01-01,0.08839
아현동 카페,2022-02-01,0.13941
아현동 카페,2022-03-01,0.14295
아현동 카페,2022-04-01,0.13487
아현동 카페,2022-05-01,0.1187
아현동 카페,2022-06-01,0.10759
아현동 카페,2022-07-01,0.12022
아현동 카페,2022-08-01,0.10658
아현동 카페,2022-09-01,0.08839
아현동 카페,2022-10-01,0.06718
아현동 카페,2022-11-01,0.09042
아현동 카페,2022-12-01,0.0793
아현동 카페,2023-01-01,0.10961
아현동 카페,2023-02-01,0.11971
아현동 카페,2023-03-01,0.10102
아현동 카페,2023-04-01,0.07829
아현동 카페,2023-05-01,0.07829
아현동 카페,2023-06-01,0.05758
아현동 카페,2023-07-01,0.04849
아현동 카페,2023-08-01,0.04899
아현동 카페,2023-09-01,0.05657
아현동 카페,2023-10-01,0.06869
아현동 카페,2023-11-01,0.03485
아현동 카페,2023-12-01,0.04849
아현동 카페,2024-01-01,0.06415
아현동 카페,2024-02-01,0.06415
아현동 카페,2024-03-01,0.08789
아현동 카페,2024-04-01,0.10153
아현동 카페,2024-05-01,0.08536
아현동 카페,2024-06-01,0.04596
아현동 카페,2024-07-01,0.04748
아현동 카페,2024-08-01,0.08031
아현동 카페,2024-09-01,0.06819
아현동 카페,2024-10-01,0.04243
아현동 카페,2024-11-01,0.03535
아현동 카페,2024-12-01,0.03788
연남동 맛집,2019-01-01,77.33235
연남동 맛집,2019-02-01,70.27504
연남동 맛집,2019-03-01,67.1745
연남동 맛집,2019-04-01,58.31384
연남동 맛집,2019-05-01,69.93862
연남동 맛집,2019-06-01,68.95764
연남동 맛집,2019-07-01,73.34932
연남동 맛집,2019-08-01,79.33372
연남동 맛집,2019-09-01,60.30914
연남동 맛집,2019-10-01,73.44783
연남동 맛집,2019-11-01,76.59384
연남동 맛집,2019-12-01,94.45154
연남동 맛집,2020-01-01,85.3373
연남동 맛집,2020-02-01,66.06571
연남동 맛집,2020-03-01,60.89611
연남동 맛집,2020-04-01,62.57368
연남동 맛집,2020-05-01,32.50928
연남동 맛집,2020-06-01,58.31384
연남동 맛집,2020-07-01,100
연남동 맛집,2020-08-01,67.30533
연남동 맛집,2020-09-01,43.6562
연남동 맛집,2020-10-01,76.27914
연남동 맛집,2020-11-01,63.58346
연남동 맛집,2020-12-01,23.85169
연남동 맛집,2021-01-01,40.16316
연남동 맛집,2021-02-01,68.50402
연남동 맛집,2021-03-01,74.17775
연남동 맛집,2021-04-01,75.18803
연남동 맛집,2021-05-01,82.99952
연남동 맛집,2021-06-01,77.18637
연남동 맛집,2021-07-01,46.00863
연남동 맛집,2021-08-01,57.62887
연남동 맛집,2021-09-01,62.34233
연남동 맛집,2021-10-01,72.05617
연남동 맛집,2021-11-01,72.64162
연남동 맛집,2021-12-01,78.88768
연남동 맛집,2022-01-01,78.66491
연남동 맛집,2022-02-01,59.22814
연남동 맛집,2022-03-01,62.80807
연남동 맛집,2022-04-01,81.21183
연남동 맛집,2022-05-01,91.56163
연남동 맛집,2022-06-01,83.32028
연남동 맛집,2022-07-01,93.47611
연남동 맛집,2022-08-01,92.40825
연남동 맛집,2022-09-01,76.98734
연남동 맛집,2022-10-01,81.27648
연남동 맛집,2022-11-01,69.8977
연남동 맛집,2022-12-01,81.56239
연남동 맛집,2023-01-01,75.30219
연남동 맛집,2023-02-01,74.55257
연남동 맛집,2023-03-01,67.9413
연남동 맛집,2023-04-01,63.16065
연남동 맛집,2023-05-01,64.04667
연남동 맛집,2023-06-01,58.86343
연남동 맛집,2023-07-01,59.14328
연남동 맛집,2023-08-01,58.91647
연남동 맛집,2023-09-01,55.41232
연남동 맛집,2023-10-01,60.541
연남동 맛집,2023-11-01,53.10938
연남동 맛집,2023-12-01,60.6885
연남동 맛집,2024-01-01,53.36498
연남동 맛집,2024-02-01,54.53034
연남동 맛집,2024-03-01,52.27944
연남동 맛집,2024-04-01,47.39423
연남동 맛집,2024-05-01,46.95779
연남동 맛집,2024-06-01,45.82931
연남동 맛집,2024-07-01,45.66968
연남동 맛집,2024-08-01,45.11302
연남동 맛집,2024-09-01,37.99661
연남동 맛집,2024-10-01,39.4307
연남동 맛집,2024-11-01,37.46924
연남동 맛집,2024-12-01,46.42992
연남동 카페,2019-01-01,96.86028
연남동 카페,2019-02-01,86.57268
연남동 카페,2019-03-01,80.43271
연남동 카페,2019-04-01,69.3512
연남동 카페,2019-05-01,80.24355
연남동 카페,2019-06-01,84.2034
연남동 카페,2019-07-01,93.19866
연남동 카페,2019-08-01,74.66966
연남동 카페,2019-09-01,62.37729
연남동 카페,2019-10-01,79.53249
연남동 카페,2019-11-01,88.33446
연남동 카페,2019-12-01,98.69247
연남동 카페,2020-01-01,94.55727
연남동 카페,2020-02-01,80.57492
연남동 카페,2020-03-01,73.09704
연남동 카페,2020-04-01,91.03511
연남동 카페,2020-05-01,77.3137
연남동 카페,2020-06-01,67.54387
연남동 카페,2020-07-01,100
연남동 카페,2020-08-01,73.60376
연남동 카페,2020-09-01,49.60166
연남동 카페,2020-10-01,82.91659
연남동 카페,2020-11-01,79.05477
연남동 카페,2020-12-01,9.58344
연남동 카페,2021-01-01,43.12894
연남동 카페,2021-02-01,90.22878
연남동 카페,2021-03-01,86.84744
연남동 카페,2021-04-01,78.42103
연남동 카페,2021-05-01,96.08295
연남동 카페,2021-06-01,83.14993
연남동 카페,2021-07-01,55.05681
연남동 카페,2021-08-01,70.19067
연남동 카페,2021-09-01,73.27515
연남동 카페,2021-10-01,82.71086
연남동 카페,2021-11-01,78.50939
연남동 카페,2021-12-01,74.46394
연남동 카페,2022-01-01,87.87606
연남동 카페,2022-02-01,66.34404
연남동 카페,2022-03-01,66.71821
연남동 카페,2022-04-01,74.77874
연남동 카페,2022-05-01,81.90453
연남동 카페,2022-06-01,76.53499
연남동 카페,2022-07-01,87.87882
연남동 카페,2022-08-01,82.81442
연남동 카페,2022-09-01,72.66627
연남동 카페,2022-10-01,81.64082
연남동 카페,2022-11-01,72.70631
연남동 카페,2022-12-01,87.97133
연남동 카페,2023-01-01,90.79901
연남동 카페,2023-02-01,80.79721
연남동 카페,2023-03-01,76.52809
연남동 카페,2023-04-01,73.06115
연남동 카페,2023-05-01,75.74109
연남동 카페,2023-06-01,68.07958
연남동 카페,2023-07-01,72.85128
연남동 카페,2023-08-01,70.67391
연남동 카페,2023-09-01,62.11633
연남동 카페,2023-10-01,66.45864
연남동 카페,2023-11-01,60.13917
연남동 카페,2023-12-01,74.63929
연남동 카페,2024-01-01,68.13481
연남동 카페,2024-02-01,66.01957
연남동 카페,2024-03-01,61.51573
연남동 카페,2024-04-01,53.51319
연남동 카페,2024-05-01,54.7503
연남동 카페,2024-06-01,51.38967
연남동 카페,2024-07-01,51.96404
연남동 카페,2024-08-01,55.14103
연남동 카페,2024-09-01,44.3122
연남동 카페,2024-10-01,45.50789
연남동 카페,2024-11-01,44.54001
연남동 카페,2024-12-01,53.12245
염리동 맛집,2019-01-01,0.8077
염리동 맛집,2019-02-01,0.78147
염리동 맛집,2019-03-01,0.8726
염리동 맛집,2019-04-01,0.98582
염리동 맛집,2019-05-01,2.65784
염리동 맛집,2019-06-01,1.40141
염리동 맛집,2019-07-01,1.51462
염리동 맛집,2019-08-01,1.54224
염리동 맛집,2019-09-01,1.50496
염리동 맛집,2019-10-01,1.74796
염리동 맛집,2019-11-01,0.74281
염리동 맛집,2019-12-01,0.69587
염리동 맛집,2020-01-01,0.71796
염리동 맛집,2020-02-01,0.64202
염리동 맛집,2020-03-01,0.64754
염리동 맛집,2020-04-01,0.80356
염리동 맛집,2020-05-01,0.98582
염리동 맛집,2020-06-01,0.90988
염리동 맛집,2020-07-01,0.94439
염리동 맛집,2020-08-01,0.73591
염리동 맛집,2020-09-01,0.56746
염리동 맛집,2020-10-01,0.74972
염리동 맛집,2020-11-01,0.65445
염리동 맛집,2020-12-01,0.41006
염리동 맛집,2021-01-01,0.53571
염리동 맛집,2021-02-01,0.64064
염리동 맛집,2021-03-01,0.78285
염리동 맛집,2021-04-01,1.09627
염리동 맛집,2021-05-01,1.20949
염리동 맛집,2021-06-01,1.11008
염리동 맛집,2021-07-01,0.91678
염리동 맛집,2021-08-01,0.87122
염리동 맛집,2021-09-01,1.09489
염리동 맛집,2021-10-01,1.03276
염리동 맛집,2021-11-01,0.99824
염리동 맛집,2021-12-01,0.95544
염리동 맛집,2022-01-01,0.78285
염리동 맛집,2022-02-01,0.74281
염리동 맛집,2022-03-01,0.85879
염리동 맛집,2022-04-01,1.08384
염리동 맛집,2022-05-01,1.20949
염리동 맛집,2022-06-01,0.99962
염리동 맛집,2022-07-01,1.21225
염리동 맛집,2022-08-01,1.0659
염리동 맛집,2022-09-01,0.9872
염리동 맛집,2022-10-01,0.87674
염리동 맛집,2022-11-01,0.87674
염리동 맛집,2022-12-01,0.90297
염리동 맛집,2023-01-01,0.82013
염리동 맛집,2023-02-01,0.89331
염리동 맛집,2023-03-01,1.05761
염리동 맛집,2023-04-01,1.0728
염리동 맛집,2023-05-01,1.04242
염리동 맛집,2023-06-01,0.82842
염리동 맛집,2023-07-01,0.9085
염리동 맛집,2023-08-01,0.87674
염리동 맛집,2023-09-01,0.71106
염리동 맛집,2023-10-01,0.78838
염리동 맛집,2023-11-01,0.61855
염리동 맛집,2023-12-01,0.71382
염리동 맛집,2024-01-01,0.58403
염리동 맛집,2024-02-01,0.61026
염리동 맛집,2024-03-01,0.72762
염리동 맛집,2024-04-01,0.78423
염리동 맛집,2024-05-01,0.83946
염리동 맛집,2024-06-01,0.61165
염리동 맛집,2024-07-01,0.74833
염리동 맛집,2024-08-01,0.75386
염리동 맛집,2024-09-01,0.52742
염리동 맛집,2024-10-01,0.55366
염리동 맛집,2024-11-01,0.48048
염리동 맛집,2024-12-01,0.58265
염리동 카페,2019-01-01,0.04418
염리동 카페,2019-02-01,0.11045
염리동 카페,2019-03-01,0.14359
염리동 카페,2019-04-01,0.14359
염리동 카페,2019-05-01,0.11183
염리동 카페,2019-06-01,0.0925
염리동 카페,2019-07-01,0.12012
염리동 카페,2019-08-01,0.06351
염리동 카페,2019-09-01,0.03865
염리동 카페,2019-10-01,0.07731
염리동 카페,2019-11-01,0.0428
염리동 카페,2019-12-01,0.06765
염리동 카페,2020-01-01,0.06627
염리동 카페,2020-02-01,0.0925
염리동 카페,2020-03-01,0.06903
염리동 카페,2020-04-01,0.27475
염리동 카페,2020-05-01,0.2002
염리동 카페,2020-06-01,0.20434
염리동 카페,2020-07-01,0.11874
염리동 카페,2020-08-01,0.09941
염리동 카페,2020-09-01,0.09112
염리동 카페,2020-10-01,0.11321
염리동 카페,2020-11-01,0.02071
염리동 카페,2020-12-01,0.00828
염리동 카페,2021-01-01,0.03175
염리동 카페,2021-02-01,0.04694
염리동 카페,2021-03-01,0.11183
염리동 카페,2021-04-01,0.12702
염리동 카페,2021-05-01,0.10217
염리동 카페,2021-06-01,0.10493
염리동 카페,2021-07-01,0.14221
염리동 카페,2021-08-01,0.1284
염리동 카페,2021-09-01,0.08974
염리동 카페,2021-10-01,0.07731
염리동 카페,2021-11-01,0.08974
염리동 카페,2021-12-01,0.08284
염리동 카페,2022-01-01,0.08836
염리동 카페,2022-02-01,0.07179
염리동 카페,2022-03-01,0.07869
염리동 카페,2022-04-01,0.09941
염리동 카페,2022-05-01,0.10769
염리동 카페,2022-06-01,0.12426
염리동 카페,2022-07-01,0.09802
염리동 카페,2022-08-01,0.11597
염리동 카페,2022-09-01,0.07041
염리동 카페,2022-10-01,0.05798
염리동 카페,2022-11-01,0.04004
염리동 카페,2022-12-01,0.05108
염리동 카페,2023-01-01,0.02485
염리동 카페,2023-02-01,0.06903
염리동 카페,2023-03-01,0.11874
염리동 카페,2023-04-01,0.09112
염리동 카페,2023-05-01,0.05798
염리동 카페,2023-06-01,0.08698
염리동 카페,2023-07-01,0.06213
염리동 카페,2023-08-01,0.01518
염리동 카페,2023-09-01,0.03865
염리동 카페,2023-10-01,0.03037
염리동 카페,2023-11-01,0.09112
염리동 카페,2023-12-01,0.01656
염리동 카페,2024-01-01,0.0138
염리동 카페,2024-03-01,0.0428
염리동 카페,2024-04-01,0.04418
염리동 카페,2024-05-01,0.05108
염리동 카페,2024-06-01,0.08698
염리동 카페,2024-07-01,0.0497
염리동 카페,2024-08-01,0.03037
염리동 카페,2024-09-01,0.04418
염리동 카페,2024-10-01,0.01518
염리동 카페,2024-11-01,0.02071
염리동 카페,2024-12-01,0.01656
용강동 맛집,2019-01-01,6.38159
용강동 맛집,2019-02-01,2.78901
용강동 맛집,2019-03-01,2.86219
용강동 맛집,2019-04-01,2.62747
용강동 맛집,2019-05-01,4.82002
용강동 맛집,2019-06-01,2.54048
용강동 맛집,2019-07-01,5.85831
용강동 맛집,2019-08-01,6.70882
용강동 맛집,2019-09-01,2.99197
용강동 맛집,2019-10-01,3.39514
용강동 맛집,2019-11-01,1.52429
용강동 맛집,2019-12-01,2.16355
용강동 맛집,2020-01-01,2.18288
용강동 맛집,2020-02-01,1.24815
용강동 맛집,2020-03-01,1.64027
용강동 맛집,2020-04-01,2.15941
용강동 맛집,2020-05-01,1.6955
용강동 맛집,2020-06-01,1.2302
용강동 맛집,2020-07-01,1.50082
용강동 맛집,2020-08-01,1.51877
용강동 맛집,2020-09-01,1.52153
용강동 맛집,2020-10-01,1.74382
용강동 맛집,2020-11-01,1.88465
용강동 맛집,2020-12-01,1.18602
용강동 맛집,2021-01-01,1.91503
용강동 맛집,2021-02-01,1.99649
용강동 맛집,2021-03-01,2.78349
용강동 맛집,2021-04-01,2.78211
용강동 맛집,2021-05-01,2.76278
용강동 맛집,2021-06-01,2.4963
용강동 맛집,2021-07-01,1.22744
용강동 맛집,2021-08-01,1.79076
용강동 맛집,2021-09-01,1.56571
용강동 맛집,2021-10-01,2.05448
용강동 맛집,2021-11-01,3.04858
용강동 맛집,2021-12-01,2.73792
용강동 맛집,2022-01-01,2.2533
용강동 맛집,2022-02-01,1.92883
용강동 맛집,2022-03-01,2.47697
용강동 맛집,2022-04-01,3.42137
용강동 맛집,2022-05-01,3.81901
용강동 맛집,2022-06-01,3.39376
용강동 맛집,2022-07-01,3.5194
용강동 맛집,2022-08-01,3.34129
용강동 맛집,2022-09-01,3.14247
용강동 맛집,2022-10-01,3.73617
용강동 맛집,2022-11-01,3.21289
용강동 맛집,2022-12-01,3.73617
용강동 맛집,2023-01-01,3.46417
용강동 맛집,2023-02-01,3.45727
용강동 맛집,2023-03-01,3.57187
용강동 맛집,2023-04-01,3.45865
용강동 맛집,2023-05-01,3.50145
용강동 맛집,2023-06-01,3.36614
용강동 맛집,2023-07-01,3.58153
용강동 맛집,2023-08-01,3.41033
용강동 맛집,2023-09-01,2.92294
용강동 맛집,2023-10-01,2.92156
용강동 맛집,2023-11-01,2.7255
용강동 맛집,2023-12-01,3.08172
용강동 맛집,2024-01-01,2.83319
용강동 맛집,2024-02-01,2.75311
용강동 맛집,2024-03-01,2.78763
용강동 맛집,2024-04-01,2.9257
용강동 맛집,2024-05-01,2.70341
용강동 맛집,2024-06-01,2.57638
용강동 맛집,2024-07-01,2.86633
용강동 맛집,2024-08-01,2.96436
용강동 맛집,2024-09-01,2.59571
용강동 맛집,2024-10-01,2.6109
용강동 맛집,2024-11-01,2.24916
용강동 맛집,2024-12-01,2.22154
용강동 카페,2019-01-01,0.05937
용강동 카페,2019-02-01,0.15325
용강동 카페,2019-03-01,0.17949
용강동 카페,2019-04-01,0.1215
용강동 카페,2019-05-01,0.08284
용강동 카페,2019-06-01,0.11045
용강동 카페,2019-07-01,0.09802
용강동 카페,2019-08-01,0.15187
용강동 카페,2019-09-01,0.1215
용강동 카페,2019-10-01,0.11321
용강동 카페,2019-11-01,0.14635
용강동 카페,2019-12-01,0.17534
용강동 카페,2020-01-01,0.11045
용강동 카페,2020-02-01,0.18915
용강동 카페,2020-03-01,0.05798
용강동 카페,2020-04-01,0.20572
용강동 카페,2020-05-01,0.21815
용강동 카페,2020-06-01,0.18087
용강동 카페,2020-07-01,0.25957
용강동 카페,2020-08-01,0.25128
용강동 카페,2020-09-01,0.16844
용강동 카페,2020-10-01,0.20434
용강동 카페,2020-11-01,0.15878
용강동 카페,2020-12-01,0.02899
용강동 카페,2021-01-01,0.10217
용강동 카페,2021-02-01,0.17396
용강동 카페,2021-03-01,0.214
용강동 카페,2021-04-01,0.18777
용강동 카페,2021-05-01,0.18087
용강동 카페,2021-06-01,0.1643
용강동 카페,2021-07-01,0.22229
용강동 카페,2021-08-01,0.29132
용강동 카페,2021-09-01,0.214
용강동 카페,2021-10-01,0.23333
용강동 카페,2021-11-01,0.23471
용강동 카페,2021-12-01,0.26647
용강동 카페,2022-01-01,0.18915
용강동 카페,2022-02-01,0.17258
용강동 카페,2022-03-01,0.1643
용강동 카페,2022-04-01,0.20986
용강동 카페,2022-05-01,0.31065
용강동 카페,2022-06-01,0.35622
용강동 카페,2022-07-01,0.29408
용강동 카페,2022-08-01,0.243
용강동 카페,2022-09-01,0.24714
용강동 카페,2022-10-01,0.35898
용강동 카페,2022-11-01,0.34241
용강동 카페,2022-12-01,0.3217
용강동 카페,2023-01-01,0.39626
용강동 카페,2023-02-01,0.37831
용강동 카페,2023-03-01,0.45425
용강동 카페,2023-04-01,0.38935
용강동 카페,2023-05-01,0.34793
용강동 카페,2023-06-01,0.34241
용강동 카페,2023-07-01,0.30927
용강동 카페,2023-08-01,0.30375
용강동 카페,2023-09-01,0.30375
용강동 카페,2023-10-01,0.32032
용강동 카페,2023-11-01,0.243
용강동 카페,2023-12-01,0.32032
용강동 카페,2024-01-01,0.32446
용강동 카페,2024-02-01,0.24024
용강동 카페,2024-03-01,0.33412
용강동 카페,2024-04-01,0.22367
용강동 카페,2024-05-01,0.25819
용강동 카페,2024-06-01,0.17534
용강동 카페,2024-07-01,0.24576
용강동 카페,2024-08-01,0.22919
용강동 카페,2024-09-01,0.33136
용강동 카페,2024-10-01,0.18363
용강동 카페,2024-11-01,0.10631
용강동 카페,2024-12-01,0.11321
합정동 맛집,2019-01-01,82.68617
합정동 맛집,2019-02-01,70.74468
합정동 맛집,2019-03-01,73.23138
합정동 맛집,2019-04-01,71.67553
합정동 맛집,2019-05-01,93.05851
합정동 맛집,2019-06-01,69.21542
합정동 맛집,2019-07-01,100
합정동 맛집,2019-08-01,98.19148
합정동 맛집,2019-09-01,82.19414
합정동 맛집,2019-10-01,89.62765
합정동 맛집,2019-11-01,81.2367
합정동 맛집,2019-12-01,94.29521
합정동 맛집,2020-01-01,72.67287
합정동 맛집,2020-02-01,55.83776
합정동 맛집,2020-03-01,48.17819
합정동 맛집,2020-04-01,58.64361
합정동 맛집,2020-05-01,67.03457
합정동 맛집,2020-06-01,61.18351
합정동 맛집,2020-07-01,70.34574
합정동 맛집,2020-08-01,57.69946
합정동 맛집,2020-09-01,42.02127
합정동 맛집,2020-10-01,64.16223
합정동 맛집,2020-11-01,56.60904
합정동 맛집,2020-12-01,33.15159
합정동 맛집,2021-01-01,40.42553
합정동 맛집,2021-02-01,50.02659
합정동 맛집,2021-03-01,63.7234
합정동 맛집,2021-04-01,60.31914
합정동 맛집,2021-05-01,68.41755
합정동 맛집,2021-06-01,66.32978
합정동 맛집,2021-07-01,49.69414
합정동 맛집,2021-08-01,55.5984
합정동 맛집,2021-09-01,59.84042
합정동 맛집,2021-10-01,72.30053
합정동 맛집,2021-11-01,73.55053
합정동 맛집,2021-12-01,64.46808
합정동 맛집,2022-01-01,65.63829
합정동 맛집,2022-02-01,54.9734
합정동 맛집,2022-03-01,61.02393
합정동 맛집,2022-04-01,70.99734
합정동 맛집,2022-05-01,84.18882
합정동 맛집,2022-06-01,81.51595
합정동 맛집,2022-07-01,87.18085
합정동 맛집,2022-08-01,83.21808
합정동 맛집,2022-09-01,73.77659
합정동 맛집,2022-10-01,82.43351
합정동 맛집,2022-11-01,73.59042
합정동 맛집,2022-12-01,83.0851
합정동 맛집,2023-01-01,70.41223
합정동 맛집,2023-02-01,75.18617
합정동 맛집,2023-03-01,76.59574
합정동 맛집,2023-04-01,71.32978
합정동 맛집,2023-05-01,70.37234
합정동 맛집,2023-06-01,64.26861
합정동 맛집,2023-07-01,67.16755
합정동 맛집,2023-08-01,60.98404
합정동 맛집,2023-09-01,56.68882
합정동 맛집,2023-10-01,58.68351
합정동 맛집,2023-11-01,56.43617
합정동 맛집,2023-12-01,65.07978
합정동 맛집,2024-01-01,57.95212
합정동 맛집,2024-02-01,57.12765
합정동 맛집,2024-03-01,56.58244
합정동 맛집,2024-04-01,56.48936
합정동 맛집,2024-05-01,61.25
합정동 맛집,2024-06-01,55.11968
합정동 맛집,2024-07-01,54.06914
합정동 맛집,2024-08-01,52.24734
합정동 맛집,2024-09-01,49.01595
합정동 맛집,2024-10-01,49.12234
합정동 맛집,2024-11-01,47.15425
합정동 맛집,2024-12-01,53.81648
합정동 카페,2019-01-01,30.10638
합정동 카페,2019-02-01,28.05851
합정동 카페,2019-03-01,17.02127
합정동 카페,2019-04-01,12.81914
합정동 카페,2019-05-01,17.03457
합정동 카페,2019-06-01,20.47872
합정동 카페,2019-07-01,26.35638
합정동 카페,2019-08-01,24.3484
합정동 카페,2019-09-01,12.08776
합정동 카페,2019-10-01,16.17021
합정동 카페,2019-11-01,14.54787
합정동 카페,2019-12-01,14.58776
합정동 카페,2020-01-01,12.72606
합정동 카페,2020-02-01,11.13031
합정동 카페,2020-03-01,10.93085
합정동 카페,2020-04-01,14.57446
합정동 카페,2020-05-01,14.28191
합정동 카페,2020-06-01,13.16489
합정동 카페,2020-07-01,13.82978
합정동 카페,2020-08-01,11.13031
합정동 카페,2020-09-01,8.57712
합정동 카페,2020-10-01,11.92819
합정동 카페,2020-11-01,9.29521
합정동 카페,2020-12-01,1.72872
합정동 카페,2021-01-01,5.47872
합정동 카페,2021-02-01,10.5984
합정동 카페,2021-03-01,13.65691
합정동 카페,2021-04-01,13.44414
합정동 카페,2021-05-01,14.22872
합정동 카페,2021-06-01,12.84574
합정동 카페,2021-07-01,10.91755
합정동 카페,2021-08-01,13.6968
합정동 카페,2021-09-01,13.37765
합정동 카페,2021-10-01,14.10904
합정동 카페,2021-11-01,13.84308
합정동 카페,2021-12-01,11.70212
합정동 카페,2022-01-01,15.53191
합정동 카페,2022-02-01,12.85904
합정동 카페,2022-03-01,12.40691
합정동 카페,2022-04-01,13.45744
합정동 카페,2022-05-01,15.35904
합정동 카페,2022-06-01,15.37234
합정동 카페,2022-07-01,17.02127
합정동 카페,2022-08-01,14.13563
합정동 카페,2022-09-01,12.5
합정동 카페,2022-10-01,13.63031
합정동 카페,2022-11-01,12.11436
합정동 카페,2022-12-01,13.1117
합정동 카페,2023-01-01,12.99202
합정동 카페,2023-02-01,14.21542
합정동 카페,2023-03-01,12.95212
합정동 카페,2023-04-01,12.51329
합정동 카페,2023-05-01,13.59042
합정동 카페,2023-06-01,10.27925
합정동 카페,2023-07-01,11.51595
합정동 카페,2023-08-01,8.48404
합정동 카페,2023-09-01,8.52393
합정동 카페,2023-10-01,9.46808
합정동 카페,2023-11-01,8.37765
합정동 카페,2023-12-01,8.98936
합정동 카페,2024-01-01,9.49468
합정동 카페,2024-02-01,8.27127
합정동 카페,2024-03-01,9.18882
합정동 카페,2024-04-01,9.9601
합정동 카페,2024-05-01,7.69946
합정동 카페,2024-06-01,9.30851
합정동 카페,2024-07-01,7.23404
합정동 카페,2024-08-01,8.03191
합정동 카페,2024-09-01,7.87234
합정동 카페,2024-10-01,7.42021
합정동 카페,2024-11-01,7.93882
합정동 카페,2024-12-01,9.00265
