quarter,dong_code,dong_name,industry_code,industry_name,store_count,monthly_sales,weekday_sales,weekend_sales,mon_sales,tue_sales,wed_sales,thu_sales,fri_sales,sat_sales,sun_sales,time_00_06_sales,time_06_11_sales,time_11_14_sales,time_14_17_sales,time_17_21_sales,time_21_24_sales,male_sales,female_sales,age_10_sales,age_20_sales,age_30_sales,age_40_sales,age_50_sales,age_60_above_sales,monthly_count,weekday_count,weekend_count,mon_count,tue_count,wed_count,thu_count,fri_count,sat_count,sun_count,time_00_06_count,time_06_11_count,time_11_14_count,time_14_17_count,time_17_21_count,time_21_24_count,male_count,female_count,age_10_count,age_20_count,age_30_count,age_40_count,age_50_count,age_60_above_count,extrapolation_flag,confidence,source,lower_95,upper_95,kosis_index
20191,11440555,아현동,CS100003,일식음식점,9,619916084,619916042,41,92374803,139924225,111833715,145837103,129946182,37,16,491,0,144800550,1201132,276924701,196989208,361264827,258651257,104513,184924059,144612638,169679726,101362305,19232842,1635,1634,1,286,380,283,377,305,1,0,0,0,821,10,525,276,899,736,6,362,471,531,185,76,False,0.8523000000000001,imputed_v4,,,111.4
20191,11440555,아현동,CS100004,양식음식점,6,1174789559,799191635,375597923,61507764,177929395,172731385,172878840,220930898,244801647,124009628,37887,601,273449228,261411913,617653764,22236162,558051379,616738180,3334666,412013880,318253006,236253729,168064053,36870222,10066,7379,2686,673,1504,1442,1640,1872,1909,1023,32,6,3250,1568,4527,681,5036,5030,109,3716,2937,1777,1282,242,True,0.4,extrapolated_v4,,,111.4
20191,11440555,아현동,CS100006,패스트푸드점,2,32499712,23984738,8514973,75238,5362817,5188439,8560291,4758427,5347481,3207015,81,1935008,14310014,4440500,11802547,11558,11460943,21038768,4077,7235579,11417830,6735001,3904468,3202754,1848,1533,315,39,306,369,481,305,225,122,3,229,856,226,507,23,638,1209,4,382,672,404,232,151,False,0.8523000000000001,imputed_v4,,,111.4
20191,11440600,대흥동,CS100007,치킨전문점,8,739283547,569787970,169495576,81054920,105787997,98948537,147028805,131694824,91342995,83425468,74829018,17183,63133419,61924260,335619951,203759714,465415781,273867765,507058,92481996,134401550,185598052,166852642,159442247,3230,2329,901,406,371,536,506,543,462,402,412,7,252,298,1417,841,1885,1345,11,460,673,691,718,675,True,0.4,extrapolated_v4,,,111.4
20191,11440610,염리동,CS100002,중식음식점,2,17596539,10653374,6943164,2587973,2178356,3008398,1811811,1457375,4055348,2497275,572649,118,16,3727,4513,17015513,9030246,8566292,14268,723859,5245170,2735981,6823521,2053737,474,282,192,67,60,76,38,59,115,56,131,1,0,4,5,331,249,225,8,150,87,70,127,30,False,0.8523000000000001,imputed_v4,,,111.4
20191,11440630,신수동,CS100003,일식음식점,3,105010272,69960701,35049570,10721198,19649259,15450094,2551935,27419475,17496512,11721797,584019,1,11,379664,75999337,28047238,73392645,31617627,2,688084,15234351,41609217,26696844,20781772,792,559,233,84,142,126,72,148,134,83,41,0,0,18,443,286,461,330,3,40,147,362,163,76,False,0.8523000000000001,imputed_v4,,,111.4
20191,11440655,서강동,CS100007,치킨전문점,7,297999903,224050708,73949194,40052793,41546800,44861517,41500563,51275559,36193580,42569087,80178435,8,70529,9475232,104430583,103845113,182910334,115089568,1269707,75722143,55350919,63842616,58821902,42992614,1551,1113,438,234,165,221,232,248,231,217,277,0,12,67,671,522,899,652,25,393,381,293,283,174,False,0.8523000000000001,imputed_v4,,,111.4
20191,11440700,망원2동,CS100003,일식음식점,7,1482991817,1133271263,349720553,201083038,235407691,268017088,261881589,257283132,247563185,11756090,39019,100441,267099165,138168708,1050092994,27491487,792407457,690584359,8343197,597224251,371719987,282775523,179820349,43108507,10026,7693,2332,1504,1681,1602,1574,1628,1675,358,19,10,3296,1511,4861,326,5089,4936,154,4119,2339,1731,1393,286,True,0.4,extrapolated_v4,,,111.4
20191,11440700,망원2동,CS100004,양식음식점,6,502967627,283247871,219719755,1117633,84786798,1712614,98645977,71456653,113161055,132086893,23006,258,214200043,95330486,193410631,3201,304475714,198491912,1622,133343333,153088674,108512128,86116603,21905265,4671,3113,1558,96,702,258,1012,802,987,811,5,2,2169,906,1565,20,2656,2015,15,1340,1675,896,615,129,False,0.8523000000000001,imputed_v4,,,111.4
20191,11440730,성산2동,CS100004,양식음식점,4,360513363,194257462,166255901,72,54683021,50205761,49097098,24418104,77981417,104127887,1392,2844,121089563,94790445,138605457,6023659,201892914,158620449,1994953,100160497,83724082,93968137,62986702,17678989,6173,3650,2523,1,708,741,852,779,1354,1736,7,6,1800,1527,2712,118,3153,3020,56,1774,1752,1325,1021,242,False,0.8523000000000001,imputed_v4,,,111.4
20192,11440555,아현동,CS100003,일식음식점,10,669863166,669863120,45,106466727,150808341,124102661,137388087,151097290,43,15,222,6,191663635,1980321,271607285,204611695,418878509,250984657,192,158274344,164205188,204289085,115569379,27524975,1610,1609,1,322,371,318,275,321,1,0,1,1,815,13,463,315,902,708,1,296,465,547,228,70,False,0.8523000000000001,imputed_v4,,,117.6
20192,11440555,아현동,CS100004,양식음식점,6,1268068165,879160187,388907978,92239608,185443303,176229634,181371272,245816771,260558768,126408806,35719,3431,278010332,260467634,670127280,59423767,602065017,666003148,6624928,440184292,344289795,256601442,178945848,41421858,10106,7450,2656,802,1519,1469,1619,1946,1727,1022,32,8,3169,1492,4612,791,5103,5003,144,3747,2979,1766,1222,246,True,0.4,extrapolated_v4,,,117.6
20192,11440555,아현동,CS100006,패스트푸드점,3,54522428,40151541,14370887,167688,7927797,8453224,12853991,10368975,10130493,4620257,1099,2082265,24264797,7715631,20444426,14209,19829989,34692439,11871,13899156,19441363,11186922,6712129,3270985,1936,1598,338,41,322,348,493,348,253,129,7,199,862,251,585,29,755,1181,5,367,742,399,264,156,False,0.8523000000000001,imputed_v4,,,117.6
20192,11440600,대흥동,CS100007,치킨전문점,7,502183959,375103567,127080392,54196192,72888168,54170453,74818388,113344243,56133808,76632704,31926286,47357,62538075,37996254,244170158,125505827,313901423,188282536,657034,68133924,82259885,134306571,93100270,123726274,2551,1851,699,328,322,350,346,482,357,364,296,12,306,235,1170,529,1534,1016,12,331,518,519,599,570,False,0.8523000000000001,imputed_v4,,,117.6
20192,11440610,염리동,CS100002,중식음식점,2,15826654,9485262,6341392,2459239,1945567,3013704,1515161,1051179,3645659,2196142,506327,122,17,23497,15074,15281614,7758276,8068377,79271,2128933,4056682,1847027,5943045,1771693,450,274,176,64,55,79,32,51,111,55,113,1,0,7,7,320,215,235,14,153,78,58,119,26,False,0.8523000000000001,imputed_v4,,,117.6
20192,11440630,신수동,CS100003,일식음식점,3,105438936,65512575,39926360,11465856,18126419,13528679,3211854,23907105,23650536,11548484,590133,1,11,51189,82809257,21988343,75197581,30241354,2,4882096,11481688,43178118,25317007,20580023,866,624,242,99,160,132,81,153,142,96,62,0,0,10,462,331,527,339,3,100,162,360,164,73,False,0.8523000000000001,imputed_v4,,,117.6
20192,11440655,서강동,CS100007,치킨전문점,7,229090265,178045079,51045185,32244715,32296303,36987949,32125897,42215660,23700390,29519348,53962942,14,65981,4609989,90083621,80367717,142667347,86422918,314537,53669709,41688396,47647206,45053455,40716959,1293,980,312,208,133,192,197,216,184,160,244,0,15,51,579,402,788,504,15,285,314,246,253,178,False,0.8523000000000001,imputed_v4,,,117.6
20192,11440700,망원2동,CS100003,일식음식점,8,1768982345,1268530745,500451599,234336491,260204940,299696207,286444346,306182571,322285283,59832504,49047,127391,440345210,229400040,1071694423,27366232,956577239,812405106,18280706,696942788,454055098,344157593,203233056,52313102,11547,8509,3038,1558,1797,1813,1724,1869,2087,697,21,9,3894,1817,5381,422,5756,5791,236,4823,2607,1997,1571,311,True,0.4,extrapolated_v4,,,117.6
20192,11440700,망원2동,CS100004,양식음식점,5,500183140,294501646,205681494,884548,78561602,1026259,92814291,86606215,110663537,129626685,11904,463,181569320,97438891,221161100,1461,301197920,198985220,1742,118894363,144788902,116338833,96204715,23954583,5303,3572,1731,89,909,292,1023,966,1102,919,8,3,2321,979,1968,22,3029,2274,23,1498,1882,1068,679,151,False,0.8523000000000001,imputed_v4,,,117.6
20192,11440730,성산2동,CS100004,양식음식점,4,411258068,227453809,183804259,123,57022367,52319412,54946666,43446642,100335935,103186920,1163,3181,117238057,81444444,194684292,17886929,238934770,172323298,2303905,116038296,97428254,101827092,73535801,20124718,6525,3806,2719,2,890,734,861,965,1511,1559,7,7,1699,1407,3153,249,3382,3143,72,1793,1938,1385,1072,262,False,0.8523000000000001,imputed_v4,,,117.6
20193,11440555,아현동,CS100003,일식음식점,10,642921647,642921620,26,98622996,135314134,131433132,145762947,131788393,28,15,189,7,191133082,2997246,251293427,197497695,399702987,243218660,192,160844993,164967031,188771685,101672881,26664863,1586,1585,1,278,329,310,364,302,1,0,1,1,843,11,434,295,902,684,1,322,454,548,186,74,False,0.8523000000000001,imputed_v4,,,116.7
20193,11440555,아현동,CS100004,양식음식점,6,1305011379,894153352,410858027,72728078,201125656,141380206,179157067,268770391,288346381,153503597,23574,30792,243512904,271349534,727791897,62302676,636718300,668293078,8147912,477941477,351975978,254278336,170851737,41815936,10165,7496,2668,543,1600,1274,1632,2082,1865,1166,29,10,3035,1487,4819,782,5240,4924,151,3808,2958,1770,1229,247,True,0.4,extrapolated_v4,,,116.7
20193,11440555,아현동,CS100006,패스트푸드점,3,67721758,46698871,21022887,12574,11687496,9439320,15637578,10432210,14431443,6081136,941,1135288,33182723,10556462,22828750,17593,26394008,41327750,9538,17795834,21222379,11722157,8409297,8562550,2106,1651,455,16,390,362,511,334,317,173,6,109,1046,311,599,32,846,1259,4,460,710,409,277,244,False,0.8523000000000001,imputed_v4,,,116.7
20193,11440600,대흥동,CS100007,치킨전문점,7,552989853,393967041,159022812,53308541,74914105,59711169,80145196,123867477,69490476,91552887,47351015,225864,63179942,39653317,260505332,142074381,341245441,211744411,553780,79786832,90867158,136098128,103090902,142593051,2549,1771,777,331,307,343,329,461,400,375,305,15,284,244,1217,481,1575,973,10,348,468,510,606,604,False,0.8523000000000001,imputed_v4,,,116.7
20193,11440630,신수동,CS100003,일식음식점,3,109722609,69115463,40607146,11010317,23106125,12418559,3022518,24238668,24327718,11598701,741884,6,12,50536,86458175,22471994,75787661,33934947,2,5089659,17385023,42055736,25726733,19465454,901,657,244,100,164,129,87,175,146,98,69,0,0,10,490,329,550,350,4,116,193,354,160,73,False,0.8523000000000001,imputed_v4,,,116.7
20193,11440655,서강동,CS100007,치킨전문점,6,131177998,104158814,27019184,21194043,18943019,17018255,17406833,31241306,8827161,16547377,35038051,0,636,3959884,52111285,40068140,89070057,42107940,90422,44894069,22578192,22218799,22161231,19235282,770,589,180,122,85,95,98,195,84,88,144,0,3,28,346,246,496,273,11,203,179,133,155,86,False,0.8523000000000001,imputed_v4,,,116.7
20193,11440700,망원2동,CS100003,일식음식점,7,1630626666,1243357939,387268727,223649719,256995279,297861937,279066988,292048507,272587551,8416682,36340,361870,271416930,146236073,1168586776,43988675,873555502,757071164,13936856,665743084,402871418,301905548,190616613,55553145,11105,8463,2642,1702,1870,1764,1651,1877,1897,341,20,12,3489,1644,5507,431,5734,5371,223,4634,2489,1918,1502,337,True,0.4,extrapolated_v4,,,116.7
20193,11440700,망원2동,CS100004,양식음식점,4,404272008,217730012,186541995,450514,58075000,207966,66532388,66112839,97001800,115891497,7492,550,133885634,81574766,188802200,1362,241713785,162558222,1504,100115651,112757387,103466033,72524570,15406859,5415,3694,1720,46,832,214,1133,1009,1190,988,7,4,2471,1013,1894,24,3098,2317,25,1525,1909,1109,684,162,False,0.8523000000000001,imputed_v4,,,116.7
20193,11440730,성산2동,CS100004,양식음식점,4,444088124,193814917,250273206,81,53048580,1398121,51509490,58917638,144940807,134273403,2452,22600,105124245,71369999,258414662,9154164,258295967,185792157,4045143,124087853,99981546,119509169,76894425,19569986,6794,3506,3287,1,779,248,950,1051,1915,1848,10,8,1629,1411,3517,216,3561,3232,82,1931,2000,1419,1099,260,False,0.8523000000000001,imputed_v4,,,116.7
20194,11440555,아현동,CS100003,일식음식점,10,736789057,736789029,27,95163249,148325215,155327566,152100151,185872827,28,17,71,6,185368249,4864115,329734439,216822175,499774626,237014430,184,184327158,187300265,231686479,98737560,34737409,1657,1656,1,263,331,314,341,405,1,0,0,1,805,13,521,315,1016,640,1,298,461,632,174,89,False,0.8523000000000001,imputed_v4,,,125.7
20194,11440555,아현동,CS100004,양식음식점,5,1053863467,719044449,334819017,13510433,146879720,16524928,183294359,279128794,285759738,128765493,32153,5559,214370970,196401364,609838435,33214984,517290574,536572893,9307856,366623242,279462569,221513619,137124905,39831272,9663,7002,2661,297,1420,632,1785,2127,2155,1245,31,9,2997,1557,4389,678,4904,4759,166,3477,2574,1902,1237,304,True,0.4,extrapolated_v4,,,125.7
20194,11440555,아현동,CS100006,패스트푸드점,2,52181625,36431607,15750017,13378,7695090,7754011,9197278,10573578,13504431,3443855,400,4235,21785907,9015752,21335105,40222,21552339,30629286,7931,13016904,17876149,9058898,6435456,5786283,1915,1382,532,18,347,305,326,359,379,178,5,26,762,294,785,42,812,1103,7,364,640,449,282,170,False,0.8523000000000001,imputed_v4,,,125.7
20194,11440600,대흥동,CS100007,치킨전문점,6,348440181,249413378,99026803,35228919,53078950,45390168,50988662,70315715,50148992,43288773,12376899,42864,29277256,27206182,188851674,90685304,229617395,118822786,296620,60920126,42660019,72831668,71828134,99903613,1971,1438,533,219,265,264,292,406,290,233,271,7,222,161,912,394,1228,742,11,325,261,374,407,590,False,0.8523000000000001,imputed_v4,,,125.7
20194,11440630,신수동,CS100003,일식음식점,2,49854277,20806675,29047601,269873,2338325,4125469,557303,12458032,25933079,4172192,68147,5,8,7,47466951,2319157,33326224,16528053,4,1277490,6282181,22868146,12396498,7029956,770,518,252,51,97,81,100,135,209,94,36,1,0,1,453,276,427,342,4,47,116,368,156,78,False,0.8523000000000001,imputed_v4,,,125.7
20194,11440700,망원2동,CS100003,일식음식점,5,1184603723,923596220,261007502,103649728,224359487,138070542,227441867,260876977,219836401,10368718,23480,73626,133428223,79620995,947801265,23656132,644477172,540126551,11120792,486875837,295837367,210880787,140190868,39698070,10193,7384,2809,979,1928,1176,1661,1828,2147,473,19,11,2931,1481,5367,383,5356,4837,249,4100,2217,1839,1473,313,True,0.4,extrapolated_v4,,,125.7
20194,11440700,망원2동,CS100004,양식음식점,4,401959413,216049052,185910360,5990,7876741,40599785,63008612,72659096,108205377,109603809,1200,10,121167333,87969418,192103248,718200,247263360,154696053,1077,102475807,113080553,98915444,70135320,17351209,5114,3399,1715,10,547,593,918,937,1117,989,3,2,2236,948,1858,65,3029,2085,18,1455,1736,1094,656,153,False,0.8523000000000001,imputed_v4,,,125.7
20194,11440730,성산2동,CS100004,양식음식점,5,562897986,235108308,327789677,43,37015522,1349408,60734616,82491191,204869808,176437394,1153,2967,133727100,94928678,327901898,6336187,337186023,225711962,3067475,151103637,134851741,159138546,89063010,25673575,6780,3059,3721,0,247,176,828,1089,2291,2146,5,8,1631,1536,3466,132,3677,3102,59,1835,2029,1643,959,252,False,0.8523000000000001,imputed_v4,,,125.7
20201,11440555,아현동,CS100003,일식음식점,9,602524100,602523754,345,92753928,130587393,114002532,120467913,144711968,348,16,703,1,146908123,4517729,274886982,176210558,375198544,227325555,8642,180983789,139582687,153200314,105191205,23557459,1453,1451,2,280,335,270,263,300,2,0,1,0,764,16,459,210,827,625,4,329,409,456,184,69,False,0.8523000000000001,imputed_v4,,,99.6
20201,11440555,아현동,CS100004,양식음식점,5,964951004,655755822,309195182,64610401,147880508,143577865,128987834,173068963,197259294,109566136,31238,3328,214580503,197779254,520754236,31802442,489715623,475235380,976233,344813567,250882508,190928245,138819527,38530921,9137,6542,2594,589,1326,1264,1561,1575,1703,1115,28,8,2796,1527,4162,614,4643,4493,75,3253,2552,1770,1219,265,True,0.4,extrapolated_v4,,,99.6
20201,11440555,아현동,CS100006,패스트푸드점,2,32541400,23510984,9030416,22690,5585045,5157298,7838970,4760806,5102644,4073945,65,1991,14910267,4472244,13146622,10209,12083315,20458085,3588,5904450,11625666,6755603,4101482,4150609,1290,948,341,15,229,221,277,201,229,115,2,15,571,176,502,22,490,800,4,203,401,349,180,150,False,0.8523000000000001,imputed_v4,,,99.6
20201,11440600,대흥동,CS100007,치킨전문점,6,388091570,291985379,96106190,43354122,51878320,58727190,59402636,69361206,66813026,38555068,34380832,1271,25123755,31714882,188136253,108734574,251009777,137081793,81743,82250775,47539376,72911800,80252909,105054965,1993,1456,536,234,239,296,291,370,337,224,154,1,189,180,919,548,1251,741,5,386,271,361,419,548,False,0.8523000000000001,imputed_v4,,,99.6
20201,11440630,신수동,CS100003,일식음식점,1,32873302,16658904,16214397,1077459,5714433,1707012,244189,8623588,10527604,4979014,19281,1,4,14,29984796,2869204,24193042,8680260,0,228341,4362233,15529091,7028542,5725093,814,555,258,83,141,97,77,148,148,116,36,1,0,2,512,261,481,332,2,43,127,416,158,66,False,0.8523000000000001,imputed_v4,,,99.6
20201,11440700,망원2동,CS100003,일식음식점,5,985441380,767703480,217737900,81613399,159525658,183453446,171549781,194523479,157653299,37122315,17025,1612,121701009,116691638,733092211,13937882,554859601,430581779,3298290,397704868,269580686,159635510,126385924,28836101,7998,6086,1911,778,1398,1319,1322,1405,1389,383,18,6,2476,1088,4186,222,4289,3708,94,3309,1888,1355,1108,242,True,0.4,extrapolated_v4,,,99.6
20201,11440700,망원2동,CS100004,양식음식점,4,371169259,214705058,156464200,327673,58519417,55351274,59000233,47374105,74877320,75719234,12112,11,139826626,82254651,148355685,720172,230840107,140329151,605,101149733,104730953,85272314,62484305,17531345,4922,3415,1506,72,763,768,845,795,859,817,6,2,2233,950,1684,46,2846,2076,11,1468,1748,962,598,133,False,0.8523000000000001,imputed_v4,,,99.6
20201,11440730,성산2동,CS100004,양식음식점,6,566416268,303497471,262918796,83,90521824,81205784,77386950,35770057,118486583,163044984,3090,203,214628664,159476675,182144988,10162645,319289990,247126278,1690350,171252745,168399123,126660897,74088159,24324991,7329,4187,3141,2,796,818,990,880,1790,2049,9,3,2335,1952,2887,141,3881,3448,41,2223,2832,1323,706,201,False,0.8523000000000001,imputed_v4,,,99.6
20202,11440555,아현동,CS100003,일식음식점,9,593374597,593374565,32,97891723,124397827,105198939,140818259,125067805,27,14,250,0,144084046,2937263,238579622,207773413,340706597,252668000,54378,175767446,135160683,163294569,103044751,16052767,1523,1522,0,283,337,256,366,278,0,0,0,0,858,11,392,260,814,708,5,361,458,467,174,57,False,0.8523000000000001,imputed_v4,,,103.7
20202,11440555,아현동,CS100004,양식음식점,6,1280973561,864608272,416365289,59851449,182303177,181589592,184681258,259339222,268951777,144257084,37760,247,287381311,277988359,676937798,38628083,641519704,639453857,2777319,464460626,353959075,236339369,174574097,48863073,10216,7352,2864,632,1521,1495,1583,1943,1902,1138,31,7,3161,1572,4721,722,5349,4867,93,3650,3080,1880,1228,281,True,0.4,extrapolated_v4,,,103.7
20202,11440555,아현동,CS100006,패스트푸드점,2,34029024,24410056,9618967,22511,6295079,5087874,9170979,4792267,5338714,3321598,233,1767,15893611,4873943,13241401,18067,13202258,20826766,3325,7668697,10950444,6556250,4460694,4389612,1367,1009,357,10,233,237,309,216,234,125,4,12,620,190,512,27,534,833,2,234,435,345,188,160,False,0.8523000000000001,imputed_v4,,,103.7
20202,11440600,대흥동,CS100007,치킨전문점,8,573511968,441228337,132283630,59816568,85571978,73289703,113527485,109712299,72838330,58755602,56236052,4160931,68805906,53235767,262420616,128652694,372729694,200782273,7836,66346093,85505850,136824708,116149594,168677883,2402,1764,637,277,347,347,379,456,325,268,176,31,366,242,1058,526,1525,877,2,319,436,542,486,614,False,0.8523000000000001,imputed_v4,,,103.7
20202,11440630,신수동,CS100003,일식음식점,1,36765217,23977921,12787296,3483345,5395453,4253224,938657,8147346,7110406,7436783,18998,1,6,48966,26675066,10022177,26804645,9960572,0,1344803,4840834,15093394,8415068,7071117,820,574,245,74,139,118,67,138,124,157,43,1,0,12,442,320,507,312,3,88,160,340,157,70,False,0.8523000000000001,imputed_v4,,,103.7
20202,11440700,망원2동,CS100003,일식음식점,5,1047560224,795071395,252488829,80723044,156182007,171387317,177377698,200535132,175274051,86080973,20041,75191,115631486,123069388,795115588,13648527,589046414,458513809,4643379,412305893,289158641,175237124,132789200,33425985,8476,6200,2276,750,1372,1276,1342,1431,1532,772,19,9,2535,1135,4567,208,4587,3888,121,3372,2084,1399,1229,268,True,0.4,extrapolated_v4,,,103.7
20202,11440700,망원2동,CS100004,양식음식점,4,382403796,230715015,151688781,315414,57001987,56489908,61484035,58621310,75392255,73098884,11051,20,136553359,87426464,157707343,705557,242678193,139725603,979,99115591,106918211,88074247,68996001,19298766,5102,3550,1551,68,864,824,850,823,863,807,8,2,2203,976,1860,51,2981,2120,14,1531,1855,972,581,147,False,0.8523000000000001,imputed_v4,,,103.7
20202,11440730,성산2동,CS100004,양식음식점,6,673857090,370007634,303849456,172,94613457,83981736,89449394,67585609,174453957,163772761,4517,210,209443588,145843659,287062089,31503024,386109911,287747178,2309688,210775097,208191791,136282349,87799409,28498753,7743,4390,3352,4,993,793,1039,1171,1942,1798,9,3,2169,1754,3448,356,4143,3599,50,2231,3187,1343,717,212,False,0.8523000000000001,imputed_v4,,,103.7
20203,11440555,아현동,CS100003,일식음식점,9,589592402,589592064,337,88861105,115819216,110567430,135795291,138548957,386,12,579,3,155595611,5939835,233429960,194626411,360330680,229261721,2189,194697276,124454601,142156645,107871225,20410463,1394,1392,2,263,301,270,260,295,2,0,1,0,777,16,372,226,792,601,3,328,393,426,187,55,False,0.8523000000000001,imputed_v4,,,99.3
20203,11440555,아현동,CS100004,양식음식점,6,1302854514,867470269,435384245,71078246,192789127,140951200,170016732,264738935,294305013,168975258,29634,7046,250806178,279697594,708845245,63468816,652780456,650074058,2216825,481701728,359095966,247172510,165430153,47237330,9816,7054,2762,508,1425,1206,1592,1951,1871,1261,28,9,3018,1480,4597,682,5184,4632,95,3569,2903,1787,1197,264,True,0.4,extrapolated_v4,,,99.3
20203,11440555,아현동,CS100006,패스트푸드점,2,29656564,21072734,8583829,44564,5476516,4623847,7712971,4475166,4400601,2922895,276,1707,14239671,3818860,11580875,15172,11073791,18582773,2102,6609650,9851259,5889328,3557271,3746952,1173,864,309,15,202,215,270,171,195,101,5,12,513,156,461,23,431,742,3,215,390,284,154,124,False,0.8523000000000001,imputed_v4,,,99.3
20203,11440600,대흥동,CS100007,치킨전문점,9,616657123,478480357,138176766,57541709,83066079,86305881,143437321,110008838,78061565,58235726,58769940,8758597,81312431,66914511,273962291,126939350,398935560,217721563,2376,81060023,82977987,140682060,123288591,188646084,2181,1609,572,222,300,338,352,414,310,242,176,22,300,243,959,478,1357,823,1,311,395,476,416,579,False,0.8523000000000001,imputed_v4,,,99.3
20203,11440630,신수동,CS100003,일식음식점,2,87875392,87019699,855692,13789866,24276015,12810564,4297828,31751453,893590,56074,63899,0,22,7,51979672,35831790,64425443,23449948,5,22118558,20265384,25310594,14774889,5405960,989,929,60,148,175,192,130,265,42,34,71,0,1,0,494,421,664,325,2,242,303,286,108,46,False,0.8523000000000001,imputed_v4,,,99.3
20203,11440700,망원2동,CS100003,일식음식점,5,1034308571,783658662,250649908,58533180,166813338,193927588,175600129,210126223,178147477,51160633,23601,111361,126976204,59750179,838171426,9275798,582378111,451930460,7189768,407075325,276609518,176369008,131367111,35697837,8679,6340,2339,776,1465,1312,1338,1518,1585,682,18,9,2588,1103,4717,241,4700,3978,163,3375,2022,1581,1246,290,True,0.4,extrapolated_v4,,,99.3
20203,11440700,망원2동,CS100004,양식음식점,5,457638943,255720107,201918836,193857,61166776,49773629,62420912,74228624,102057227,107797914,29373,11,129312830,113297021,214422132,577574,289433083,168205859,1342,120452908,133704891,111885668,71258713,20335420,5025,3623,1402,30,803,754,809,856,854,916,6,1,2025,986,1956,48,3015,2010,14,1545,1758,987,571,148,False,0.8523000000000001,imputed_v4,,,99.3
20203,11440730,성산2동,CS100004,양식음식점,7,896879515,516354311,380525204,252,126219123,165388969,103571085,85033402,231656686,185009995,2355,104,202056604,191767305,475021475,28031671,513736960,383142555,3161509,319356713,255321492,178281722,104854205,35903872,7278,3872,3405,4,664,1118,794,1016,1847,1831,5,2,1627,1456,3871,315,3950,3327,54,2915,2217,1198,693,198,False,0.8523000000000001,imputed_v4,,,99.3
20204,11440555,아현동,CS100003,일식음식점,10,686983889,685289578,1694310,107499353,137451796,143524538,141655359,155004392,1847353,1095,7904,81,239652971,5073964,306510105,135738861,429741172,257242717,131,184426104,158161598,181808154,130399173,32188726,1836,1770,65,302,347,407,353,367,49,9,2,1,982,22,627,200,1050,785,2,362,547,612,237,74,False,0.8523000000000001,imputed_v4,,,97.4
20204,11440555,아현동,CS100004,양식음식점,5,1017503542,680689181,336814361,13153969,137190202,15225065,167378185,250046692,270773469,163735957,42114,3066,219178446,201708383,567098072,29473458,526439174,491064368,3216126,368109987,266401568,205292349,134757403,39726107,9560,6803,2757,272,1243,616,1869,2067,2014,1477,31,10,2892,1622,4426,579,4956,4604,106,3451,2657,1882,1176,286,True,0.4,extrapolated_v4,,,97.4
20204,11440555,아현동,CS100006,패스트푸드점,3,37574916,28451243,9123673,693525,4774045,6431328,9514267,7857146,4777442,3527159,912,1492364,16193964,4044657,15835623,7394,13007606,24567309,4061,8606585,13600833,8681529,4222698,2459208,1283,1073,209,53,193,241,346,225,147,76,7,125,505,148,473,22,468,815,2,253,478,283,165,101,False,0.8523000000000001,imputed_v4,,,97.4
20204,11440600,대흥동,CS100007,치킨전문점,9,604913079,478420666,126492413,51113926,76655625,84653096,164945328,99002241,70371552,58171308,49154133,7765889,83058564,65136776,279125504,120672210,379313707,225599372,854,85342379,86391148,150732591,111445921,171000183,2025,1530,495,199,221,325,344,425,277,231,145,12,258,202,937,468,1257,767,1,333,372,456,352,509,False,0.8523000000000001,imputed_v4,,,97.4
20204,11440630,신수동,CS100003,일식음식점,2,57941273,57856896,84377,2282978,16812858,12918948,3218063,22559759,88601,60063,32870,0,40,47,38923224,18985090,39300017,18641255,5,565121,10311507,23255842,15373799,8434997,643,611,31,69,145,127,92,154,20,32,30,0,0,2,327,281,416,226,2,48,149,261,127,54,False,0.8523000000000001,imputed_v4,,,97.4
20204,11440700,망원2동,CS100003,일식음식점,6,1182927890,902299738,280628151,100047934,180174566,199909932,198351356,220829211,183869160,99745728,18516,4978,151351650,128609044,892068451,10875249,652716898,530210991,8041283,491408168,312701474,190857535,143934412,35985016,8584,6249,2335,1141,1318,1204,1248,1397,1442,832,16,6,2509,1174,4668,208,4644,3940,154,3546,1945,1496,1174,266,True,0.4,extrapolated_v4,,,97.4
20204,11440700,망원2동,CS100004,양식음식점,5,458881534,249085000,209796533,8801,12357291,972575,82340131,89973444,125021384,148207905,13830,153,152674880,92952623,213239100,946,283618602,175262931,1974,116027219,133655278,112989431,77271005,18936625,5411,3845,1566,11,575,275,1133,1106,1162,1146,7,3,2308,1032,2043,17,3191,2220,17,1582,1972,1098,581,159,False,0.8523000000000001,imputed_v4,,,97.4
20204,11440730,성산2동,CS100004,양식음식점,7,702935951,421859052,281076898,69,64419990,92400902,103420776,80798397,193769092,168126721,1519,72,216571480,137524751,325975810,22862315,410331661,292604289,1666254,220504720,228747830,133206405,91398064,27412675,6090,3057,3033,2,172,654,812,998,1651,1798,3,1,1582,1299,2957,245,3287,2803,41,2010,2138,1121,592,186,False,0.8523000000000001,imputed_v4,,,97.4
20211,11440555,아현동,CS100004,양식음식점,5,1019649156,684538161,335110995,67489196,153647594,149700503,137957267,177200779,216910568,116743247,1663,14987,235302650,199501523,549091533,35736799,525529437,494119719,1840894,329442389,286911016,215281441,146483409,39690005,9777,7106,2671,648,1455,1354,1662,1649,1803,1203,7,18,3373,1579,4298,499,4879,4897,96,3156,2806,2045,1305,367,True,0.4,extrapolated_v4,,,93.3
20211,11440555,아현동,CS100006,패스트푸드점,4,37567460,28370077,9197383,167133,6283837,6599940,8521024,5706577,5476634,4812311,76,2054200,18037209,4665469,12808552,1952,14395323,23172136,58,8174640,13234490,9703260,4168858,2286152,870,699,171,21,146,162,218,135,127,58,2,42,350,119,353,3,304,566,0,170,344,212,108,33,False,0.8523000000000001,imputed_v4,,,93.3
20211,11440630,신수동,CS100003,일식음식점,4,172144433,120656652,51487781,21169152,32434193,24510594,6659436,52480288,26995613,7895156,3068903,1,90,56848,108459426,60559163,123273482,48870950,0,236367,46494301,61435719,32210379,31767665,840,559,280,122,113,124,80,165,138,96,62,0,1,11,461,302,528,311,0,44,215,347,149,82,False,0.8523000000000001,imputed_v4,,,93.3
20211,11440700,망원2동,CS100003,일식음식점,6,1422107284,1141394138,280713145,190974932,219702729,270031999,245097279,249510084,190107729,56682528,986,4513,183517471,177614438,1036509149,24460725,831033174,591074109,5417924,486826639,364761372,258745724,232191036,74164587,9764,7346,2417,1759,1454,1490,1394,1548,1561,554,4,15,3164,1279,5066,232,5634,4130,116,3329,2320,1908,1632,457,True,0.4,extrapolated_v4,,,93.3
20211,11440700,망원2동,CS100004,양식음식점,5,456793277,264859711,191933565,375822,75615045,67305332,71209777,56479289,88358887,97449122,24580,124,182777282,106578392,166707379,705517,281074945,175718331,666,108183875,151421440,105138968,73648161,18400164,5910,4240,1669,81,890,890,1154,985,966,940,7,6,2972,1095,1789,38,3452,2457,12,1537,2224,1239,700,195,False,0.8523000000000001,imputed_v4,,,93.3
20211,11440730,성산2동,CS100004,양식음식점,8,444266538,256189823,188076715,1041,39535454,138533229,66551510,15588,80957188,118672525,820,684,122733967,180524753,133865050,7141261,225796551,218469987,2164900,198122075,91507291,94965917,47383191,10123162,4785,2444,2340,6,516,974,658,41,1252,1335,4,5,1294,1308,2027,144,2536,2248,42,2342,968,752,549,129,False,0.8523000000000001,imputed_v4,,,93.3
20212,11440555,아현동,CS100004,양식음식점,5,1080349526,746442592,333906934,69474985,161094166,156318839,149079062,202715161,227482491,114184819,2118,4332,249118791,198104567,587557327,45562389,562258808,518090718,2542815,350803311,302776857,226227073,153014364,44985105,10380,7685,2695,635,1585,1489,1758,1871,1835,1204,8,21,3457,1590,4628,674,5250,5130,106,3224,2991,2232,1424,401,True,0.4,extrapolated_v4,,,108.0
20212,11440555,아현동,CS100006,패스트푸드점,4,53206995,37267723,15939271,4044,10783992,8058820,12541287,5996228,9793901,6028720,102,2357933,29785094,6929713,14132551,1599,21043520,32163475,38,13314770,17807969,10605623,6189663,5288931,1122,839,282,6,211,205,267,142,188,100,2,75,570,145,324,3,392,729,0,247,424,240,132,77,False,0.8523000000000001,imputed_v4,,,108.0
20212,11440630,신수동,CS100003,일식음식점,4,162696924,111935696,50761228,13517260,22908263,20613050,4863229,36434281,32009801,32351037,2546393,0,19,1055,102704061,57445394,116762853,45934071,2,5757377,18952757,68675767,31348949,37962070,781,525,256,91,112,108,64,132,132,138,75,0,0,3,376,324,512,268,1,107,154,293,142,81,False,0.8523000000000001,imputed_v4,,,108.0
20212,11440700,망원2동,CS100003,일식음식점,8,2277602745,1684391728,593211016,291870160,319008723,348955722,371733824,406445063,343250583,196338666,798,14185,648288704,284385541,1316163301,28750213,1350604555,926998189,15407751,762825568,542408291,461808301,376850826,118302004,13281,9933,3347,1777,1920,1932,2005,2247,2033,1364,4,19,4757,1868,6316,314,7120,6160,179,4689,3101,2605,2096,608,True,0.4,extrapolated_v4,,,108.0
20212,11440700,망원2동,CS100004,양식음식점,5,469815225,280431139,189384086,18,71428448,67964038,71471949,62573705,83927568,112449496,241314,238,177208659,102807109,184923103,4634800,294709433,175105792,11,99996520,150108001,115707375,78123335,25879982,6010,4024,1986,0,955,948,943,1039,990,1132,10,1,2821,1056,2079,42,3824,2186,1,1393,2114,1344,862,295,False,0.8523000000000001,imputed_v4,,,108.0
20212,11440730,성산2동,CS100004,양식음식점,7,1017639316,643513625,374125691,247,195037784,158115492,140331374,94195835,263858564,166100018,16721,636,313355183,197891952,480820084,25554736,603718218,413921097,3303464,357537923,304749906,180322939,130894639,40830442,7142,3597,3544,4,987,869,981,887,1802,1608,22,4,2008,1410,3278,417,3846,3296,40,2922,2232,1114,635,197,True,0.4,extrapolated_v4,,,108.0
20213,11440555,아현동,CS100004,양식음식점,6,1379078075,928702057,450376017,48289780,204828700,162895908,202641261,297536969,289106080,173779374,1537,7382,266034364,297778167,757807841,57448781,763897411,615180663,2627786,449506783,424682606,290024973,167107933,45127991,10885,7976,2909,480,1669,1441,1690,2155,2101,1346,8,18,3548,1620,5035,655,5677,5208,104,3661,3276,2095,1356,390,True,0.4,extrapolated_v4,,,101.7
20213,11440630,신수동,CS100003,일식음식점,5,241448305,174433753,67014552,30206116,43711877,22733995,8365289,48503080,40391541,47536405,7660324,29,49,12523,151059260,82716118,173737350,67710955,0,18023907,75422540,78745390,35321940,33934525,976,680,295,121,139,123,83,174,143,189,123,1,1,6,524,319,665,310,1,180,294,309,122,67,False,0.8523000000000001,imputed_v4,,,101.7
20213,11440700,망원2동,CS100003,일식음식점,8,2245438746,1695772619,549666126,297454973,310842987,344129290,386561647,402080466,310554226,193815154,1046,46971,505034176,229679614,1475730108,34946828,1322357911,923080835,16405807,774793796,524873470,443408672,366030164,119926834,13082,9995,3086,1795,1898,1911,2054,2266,1876,1278,4,24,4450,1925,6345,331,7125,5956,182,4670,3036,2580,1995,617,True,0.4,extrapolated_v4,,,101.7
20213,11440700,망원2동,CS100004,양식음식점,5,464443865,256448399,207995466,38,67264838,49065300,66534429,74326761,96157061,111095436,39582,830,160065591,97892387,201134489,5310984,291039761,173404104,17,99745765,154234372,116488703,70917174,23057832,5633,3815,1817,1,764,747,995,1042,1035,1047,5,1,2630,945,2009,40,3491,2142,2,1365,1975,1261,764,264,False,0.8523000000000001,imputed_v4,,,101.7
20213,11440730,성산2동,CS100004,양식음식점,8,781436829,369355603,412081225,1385,49134699,198378923,87168675,49109306,261342420,136301418,895,9379,129943538,203280792,431541095,16661128,470192878,311243950,1824635,304922787,217815713,172326145,66452313,18095234,6056,2605,3450,6,428,1039,563,602,2060,1355,4,5,1293,1244,3229,280,3438,2617,41,2559,1668,967,613,206,False,0.8523000000000001,imputed_v4,,,101.7
20214,11440555,아현동,CS100004,양식음식점,6,1487364024,993510844,493853180,14461018,162186567,161042417,227575499,354498291,401541743,166058486,11660,32822,269382398,300228670,834856277,82852194,752534785,734829239,6080156,484958088,446539364,302474837,188185358,59126219,11379,8153,3226,384,1435,1405,1977,2485,2243,1447,19,24,3786,1700,5153,695,5959,5420,130,3690,3259,2271,1570,456,True,0.4,extrapolated_v4,,,124.4
20214,11440585,도화동,CS100004,양식음식점,15,2019952495,1947887960,72064534,235121579,307081246,523703836,441087333,438965201,46940482,27052815,8856996,32,15236,11387,162470953,1848597889,1882843893,137108602,455,178688000,1008574113,796524632,35236382,928910,1152,980,171,110,195,181,273,221,104,64,105,0,16,6,159,862,787,364,0,223,510,294,106,16,True,0.4,extrapolated_v4,,,124.4
20214,11440630,신수동,CS100003,일식음식점,6,175537976,124265159,51272816,4527724,40716001,14727276,9599124,37072102,33967901,34927846,11297826,0,1,126368,109610833,54502946,132024104,43513872,1,2084151,49190703,58787975,32157205,33317938,570,355,215,35,115,53,55,77,104,127,55,0,0,8,294,212,386,184,0,30,149,208,108,73,False,0.8523000000000001,imputed_v4,,,124.4
20214,11440700,망원2동,CS100003,일식음식점,7,2125271514,1671909484,453362029,277989153,327331530,370003944,360687852,403672621,312471701,73114710,49967,182219,312834822,165730938,1603634643,42838923,1231264720,894006793,15639131,761189362,495734686,406141745,338299736,108266851,13352,10009,3342,1953,2065,2001,1976,2277,2079,998,19,30,4234,1911,6746,411,7459,5893,232,4767,3177,2524,2075,573,True,0.4,extrapolated_v4,,,124.4
20214,11440700,망원2동,CS100004,양식음식점,5,497959791,264616714,233343077,37,53665591,44217859,71670072,80623059,111956041,135827129,3991,551,171247685,102171142,217639977,6896443,310886174,187073616,14,99895064,165848403,123025200,81820022,27371084,5416,3391,2025,1,695,602,857,969,1133,1156,3,1,2554,867,1943,46,3403,2013,2,1152,1812,1300,875,273,False,0.8523000000000001,imputed_v4,,,124.4
20214,11440730,성산2동,CS100004,양식음식점,8,994359511,556135712,438223798,8634,46079,141383149,233395045,91000986,377695179,150830437,237891,102882,103126446,185901394,612194106,92796790,568875499,425484012,19314007,402295778,262631780,178548363,98624141,32945439,9817,4550,5266,18,31,1212,2060,1105,3624,1763,164,20,1414,1797,5664,755,5632,4184,110,4330,2524,1688,911,252,False,0.8523000000000001,imputed_v4,,,124.4
20221,11440555,아현동,CS100004,양식음식점,7,1598570321,1168861620,429708701,108707064,271468595,298840527,233185220,268084605,284867099,133417208,4383,2663,327238422,315826817,892576380,62921654,794161829,804408491,6665089,537706335,464607412,295753690,229864577,63973216,8547,6371,2176,704,1417,1516,1339,1198,1478,892,9,15,2871,1363,3750,536,4140,4406,99,3116,2065,1650,1274,340,True,0.4,extrapolated_v4,,,112.1
20221,11440585,도화동,CS100004,양식음식점,15,2000008792,1765371716,234637075,206362840,326017918,534640379,335513522,341512326,136689243,119272561,703,838,380,350,182119754,1817886764,1648459458,351549334,37319,252073176,786643134,794684341,133224174,33346645,1626,1232,393,198,234,265,297,254,186,189,10,7,16,6,347,1238,1050,575,4,315,631,430,185,59,True,0.4,extrapolated_v4,,,112.1
20221,11440700,망원2동,CS100003,일식음식점,7,1918543374,1537350134,381193240,263303044,297084010,342684761,311558821,333280680,258999906,111632150,2413,31465,269147023,286007117,1320246580,43108773,1142737043,775806331,10415887,469473282,528314089,431179380,365770849,113389886,10808,8341,2467,1709,1675,1685,1601,1745,1539,850,5,20,3577,1630,5270,303,5857,4951,136,3424,2523,2264,1890,568,True,0.4,extrapolated_v4,,,112.1
20221,11440730,성산2동,CS100004,양식음식점,8,277221811,178541601,98680209,5737313,29632095,42491746,68682332,940,48464544,82212839,1135,16405,83423730,105995894,70374430,17410213,131607034,145614776,12981487,122285860,49461315,52661235,35977441,3854470,4046,2455,1590,43,509,493,967,10,808,1213,3,16,1178,1364,1311,171,1985,2061,115,1838,652,749,593,96,False,0.8523000000000001,imputed_v4,,,112.1
20222,11440555,아현동,CS100004,양식음식점,7,1870256759,1352503779,517752979,99835872,324235865,322758853,277638026,337518364,393545966,114723811,30605,49364,400849124,317815125,1081778319,69734220,928430636,941826122,12006093,570533311,533862374,375509364,291863497,86482118,9025,6584,2441,672,1581,1411,1463,1538,1541,815,24,31,2854,1406,4120,587,4571,4454,128,2901,2302,1853,1454,384,True,0.4,extrapolated_v4,,,142.8
20222,11440585,도화동,CS100004,양식음식점,15,2023419375,1729881527,293537847,199649323,265900002,467423824,363495794,415971841,196101760,114876826,13358560,133,569,617,299764303,1710295190,1624688029,398731345,147128,355975521,910072882,569287251,153377240,34559350,2086,1590,495,217,304,383,322,349,353,155,255,1,6,4,324,1493,1444,641,8,505,827,461,239,44,False,0.8523000000000001,imputed_v4,,,142.8
20222,11440700,망원2동,CS100003,일식음식점,7,2450173409,2019369885,430803523,265947338,389240256,516734536,439312100,504769911,299823495,34345769,74997,96299,379741870,160183527,1868836764,41239949,1492565525,957607883,16239911,547804525,657722116,610296859,461519837,156590157,12127,9673,2453,1883,1985,2053,1892,1976,1650,686,24,38,4289,1775,5558,442,6353,5774,190,3659,2575,2709,2307,685,True,0.4,extrapolated_v4,,,142.8
20222,11440730,성산2동,CS100004,양식음식점,9,887457041,442615949,444841091,15607516,42437399,253276018,119690615,7520361,269520883,179404247,1202,336672,120580368,187999200,512338117,66201480,473760110,413696931,20460361,431667554,197331281,142431189,70991382,24575272,8935,5146,3789,109,881,1645,1252,570,2944,1532,7,45,1387,1436,5312,745,4944,3991,372,4266,1656,1283,1163,194,True,0.4,extrapolated_v4,,,142.8
20223,11440555,아현동,CS100004,양식음식점,7,1872418574,1338341901,534076672,85665211,334566062,315561529,297545321,357741390,431812411,49526648,22866,107859,374035435,321467225,1136600301,40184886,919301855,953116719,14245658,581666582,550515954,368186865,269996368,87807146,9643,7083,2559,633,1622,1530,1576,1802,1809,668,25,40,3077,1471,4467,561,4997,4646,138,3049,2485,2018,1524,426,True,0.4,extrapolated_v4,,,147.0
20223,11440585,도화동,CS100004,양식음식점,15,1763085880,1507081978,256003901,156126321,291718840,418584517,347314159,348463060,135259994,65618985,14810806,150,457,472,123402546,1624871447,1434400179,328685700,399888,262992286,897473338,478095116,115570967,8554282,1465,1153,312,143,241,225,292,255,217,90,225,1,4,2,124,1106,930,534,9,290,647,320,178,20,False,0.8523000000000001,imputed_v4,,,147.0
20223,11440700,망원2동,CS100003,일식음식점,7,2286410124,1980139718,306270406,310182187,355049251,440327919,403526614,484021062,184947940,108355148,65236,48904,348559369,258169002,1610562760,69004850,1366491738,919918386,14948100,535317953,632437437,543652355,406864720,153189557,10620,8669,1950,1747,1631,1667,1585,1803,1316,867,22,24,3847,1518,4734,472,5735,4884,157,3288,2337,2290,1928,617,True,0.4,extrapolated_v4,,,147.0
20224,11440555,아현동,CS100004,양식음식점,6,1570296416,985395061,584901355,7513551,126088489,35315645,301419735,440581816,591733511,67643668,39128,93345,342910606,309273184,893507382,24472769,754934686,815361729,7492953,458397428,485076652,336998528,207236704,75094150,11504,8037,3467,325,1553,819,2178,2680,3003,944,25,49,4045,1829,5038,516,5799,5705,110,3502,3376,2441,1542,530,True,0.4,extrapolated_v4,,,156.8
20224,11440585,도화동,CS100004,양식음식점,17,1024668324,1022228483,2439840,3402567,225654694,289964608,252012589,248056852,5394971,182040,29221124,178,134,186,224812,995221887,1002850982,21817341,1418,9228358,696822606,304739721,13855153,21066,517,486,31,13,107,81,124,133,45,11,108,0,0,0,6,399,410,107,1,21,288,145,54,5,False,0.8523000000000001,imputed_v4,,,156.8
20224,11440610,염리동,CS100003,일식음식점,12,3683415584,2670174315,1013241269,226927197,516088746,668190718,521331959,714706426,610737688,425432846,11,4567,1636901101,144889969,1863150914,38469020,1696607210,1986808374,13525840,718821986,984685296,963068516,724634654,278679290,8624,6680,1944,470,1295,1572,1464,1756,1340,724,0,2,4213,500,3805,102,3684,4940,67,1838,3035,1925,1305,452,True,0.4,extrapolated_v4,,,156.8
20224,11440700,망원2동,CS100003,일식음식점,8,2678259938,2384031452,294228486,406403176,158915747,567076017,552378151,657892169,248737663,86857013,190445,73573,541286119,162912459,1915884068,57913272,1632328815,1045931122,17188396,581311874,775823270,655892687,469730508,178313200,10909,8993,1915,1669,1393,1910,1837,1929,1279,888,26,23,4155,1632,4665,406,5674,5234,167,3223,2339,2461,2039,676,True,0.4,extrapolated_v4,,,156.8
20231,11440555,아현동,CS100004,양식음식점,6,1520345592,965436468,554909123,90662785,228397896,228515003,237859645,234017264,397516111,103376885,17231,536988,388028957,330143060,779334408,22284945,709507452,810838140,7725384,424148001,482411401,334773543,207968692,63318568,11696,8046,3649,1019,1746,1691,1932,1838,2367,1100,20,64,4701,1999,4485,424,5743,5953,167,3535,3629,2360,1551,451,True,0.4,extrapolated_v4,,,147.6
20231,11440585,도화동,CS100004,양식음식점,18,1643289428,1280053150,363236278,131895985,215853983,284616235,276387994,336760924,264344673,133429632,220537309,23,15,11,67739531,1355012536,1144016081,499273347,1086216,388849456,849479226,262208100,123965816,17700612,1343,1015,327,134,192,215,204,257,222,116,413,0,0,0,65,863,834,508,11,432,598,154,127,18,False,0.8523000000000001,imputed_v4,,,147.6
20231,11440700,망원2동,CS100003,일식음식점,8,2499215687,2219008276,280207410,429051278,423853669,513886402,502514373,407018310,118030383,104861268,102370,42459,717137508,264830920,1466287497,50814931,1497818850,1001396837,14366925,516765775,727576653,623169108,464965229,152371994,10084,8635,1448,1616,1602,1657,1704,1650,972,879,22,22,4380,1517,3789,351,5332,4751,149,2773,2373,2278,1868,640,True,0.4,extrapolated_v4,,,147.6
20232,11440555,아현동,CS100004,양식음식점,6,1693485330,1075910840,617574489,94615441,216362315,224306270,240585726,355750087,449777067,112088421,21472,473675,378689996,324491208,962118907,27690070,788412988,905072341,9615535,482706730,505655534,363814327,245691471,86001732,12585,8443,4142,958,1856,1789,1792,2416,2645,1126,21,72,4405,1979,5538,567,6054,6531,182,3533,3737,2707,1846,577,True,0.4,extrapolated_v4,,,158.6
20232,11440700,망원2동,CS100003,일식음식점,7,2279642269,2077582331,202059938,378154253,96992836,540797226,488183490,578746493,142281188,54486782,118345,80320,379914897,129996096,1716721454,52811154,1349902308,929739961,8930559,560708822,631763065,527788089,405210168,145241564,9492,8258,1233,1692,1338,1661,1525,1715,933,625,25,29,3720,1140,4177,398,4989,4502,145,2887,2106,2098,1684,569,True,0.4,extrapolated_v4,,,158.6
20233,11440555,아현동,CS100004,양식음식점,8,2415584185,1639563888,776020296,124968442,295357033,468862842,343811929,444156284,580274113,158153539,19324,491828,469104638,464922169,1460849025,20197199,1176798224,1238785960,19723553,686326496,677362381,537952913,376705259,117513579,13019,9630,3388,969,1848,2682,1744,2301,2465,1005,19,48,3295,2179,6946,529,6153,6865,213,3888,3283,3039,1986,607,True,0.4,extrapolated_v4,,,157.2
20233,11440700,망원2동,CS100003,일식음식점,9,3100659533,2851997947,248661585,506087912,498428728,574155357,595325174,698098050,125697439,102866870,208744,390340,1042871898,274936908,1676365383,105886257,1846109667,1254549865,14162851,819992499,875432515,692443874,511193771,187434020,10897,9488,1409,1867,1691,1791,1837,1911,1000,797,22,24,5002,1319,3930,599,5807,5090,164,3311,2519,2363,1846,692,True,0.4,extrapolated_v4,,,157.2
20234,11440555,아현동,CS100004,양식음식점,9,2801077962,2031262139,769815822,178120016,400043098,501488848,462957725,554681609,566653240,137133422,22351,1284327,848702813,512761649,1418851544,19455275,1310188779,1490889182,22976789,798577271,817230229,614719355,408525671,139048644,13238,10010,3227,1097,2138,2294,1866,2612,2363,866,15,64,5054,2189,5506,407,6276,6961,222,3926,3590,2904,1988,606,True,0.4,extrapolated_v4,,,162.1
20234,11440700,망원2동,CS100003,일식음식점,9,3013200715,2865261987,147938727,499515479,494797921,546919838,588839590,711053202,81910375,90164307,319781,443290,1027959764,289620998,1576382907,118473972,1801186852,1212013862,12757473,830582619,845923615,671483045,488144075,164309886,10243,9103,1140,1781,1671,1651,1679,1880,845,734,26,32,4739,1262,3596,586,5484,4758,178,3143,2414,2170,1687,648,True,0.4,extrapolated_v4,,,162.1
20234,11440700,망원2동,CS100004,양식음식점,8,311727359,140050030,171677329,0,48347048,41085203,26341661,24717710,83469356,87766380,1,23,212832052,56456374,42438903,3,222935347,88792012,5,28950942,114140354,96207982,63310840,9117235,1372,662,709,0,308,156,124,160,287,334,0,0,1021,213,136,0,925,446,0,129,482,411,249,98,False,0.8523000000000001,imputed_v4,,,162.1
20241,11440555,아현동,CS100004,양식음식점,11,3061245690,2342432574,718813115,364418640,534808694,585225940,558704111,378991396,538480660,100616245,84783,144117,963464724,543335376,1533297694,20918992,1406744067,1654501622,10891646,813139818,903440916,699253930,478097220,156422158,11364,9042,2321,1503,1992,1984,1826,1545,1842,671,21,52,4283,1759,4915,332,5340,6023,132,3203,3080,2407,1981,557,True,0.4,extrapolated_v4,,,152.8
20241,11440630,신수동,CS100003,일식음식점,8,378252244,329781745,48470498,53308761,63893636,123621105,9185755,51733507,33401187,43108289,19934624,110,551,2747784,279352308,76216864,261574197,116678047,727,888053,95647016,156895469,97639401,27181575,776,576,200,115,141,100,78,137,93,111,53,1,2,27,531,159,452,324,2,33,153,353,148,85,False,0.8523000000000001,imputed_v4,,,152.8
20241,11440700,망원2동,CS100003,일식음식점,11,4702984077,4127877563,575106513,706229379,864015331,917210026,893732186,834708097,330005735,157083319,299007,438662,1926973944,177993764,2436120852,161157845,2699814288,2003169788,11875448,1410331369,1536010122,967036016,670572267,107158853,12447,10977,1469,1944,2225,2097,2031,2217,1093,838,32,31,5868,1478,4340,695,6593,5853,131,4096,3205,2611,1773,629,True,0.4,extrapolated_v4,,,152.8
20241,11440700,망원2동,CS100004,양식음식점,8,271840454,119826337,152014116,1,43932822,20726265,37583013,21016,85508694,84068640,7,396,131929780,87167716,52742531,22,183429959,88410495,12,33576764,86111501,104878258,38496944,8776973,1797,849,948,0,337,208,187,26,533,504,0,2,1000,466,328,0,1132,665,0,127,718,482,343,124,False,0.8523000000000001,imputed_v4,,,152.8
20242,11440555,아현동,CS100004,양식음식점,13,4240181408,3330750948,909430459,596945170,688879442,734285282,666942680,810510435,655491649,87126747,34338,372948,1522761832,693477081,1978432442,45102764,2061783937,2178397471,21513172,1004250233,1188200343,1018804604,731477338,275935714,13404,10962,2441,1944,2408,2133,2048,2384,1886,598,18,54,5464,2112,5455,298,5920,7483,191,3611,3766,2722,2323,788,True,0.4,extrapolated_v4,,,168.3
20242,11440630,신수동,CS100003,일식음식점,8,323820997,297444801,26376195,10188625,40309,134733496,10977152,123813031,30409117,13659263,9530905,107,361,2963,272111517,42175141,210532076,113288920,525,3561362,58534116,161097783,74053802,26573407,654,491,162,99,22,97,81,167,115,70,69,1,2,6,463,111,362,291,2,81,117,317,75,60,False,0.8523000000000001,imputed_v4,,,168.3
20242,11440700,망원2동,CS100003,일식음식점,9,2992234207,2936437933,55796273,520866383,514070294,601442888,609464137,685981641,34026160,26382701,241960,81070,982400903,207833866,1723964527,77711878,1774878604,1217355602,5798767,818558024,855793050,715819002,523363569,72901793,9521,8700,820,1738,1613,1548,1645,1731,686,556,23,31,4447,1080,3441,496,5145,4375,134,2814,2275,2092,1611,592,True,0.4,extrapolated_v4,,,168.3
20242,11440700,망원2동,CS100004,양식음식점,9,525396116,316909699,208486417,1261,58215315,99092164,95587256,65415984,95900401,111183732,220,1363,242091040,100234435,183068671,385,375219465,150176650,109,73032496,203986785,141948959,67962362,38465403,2590,1651,939,6,279,540,431,410,463,458,0,3,1473,441,667,3,1629,960,2,414,966,625,322,259,False,0.8523000000000001,imputed_v4,,,168.3
20243,11440555,아현동,CS100004,양식음식점,14,4299408100,3425453453,873954647,632857463,737127056,773275182,684911883,813323849,627522648,30390016,27134,632352,1534844505,641535000,2076962080,45407027,2025961237,2273446863,32819630,1077795186,1184334930,1003697819,748344470,252416062,13869,11536,2332,2117,2478,2308,2170,2578,1769,446,15,53,5680,2165,5673,280,5826,8042,209,3884,3942,2841,2239,751,True,0.4,extrapolated_v4,,,162.0
20243,11440610,염리동,CS100002,중식음식점,6,30701174,18498493,12202680,1149215,970310,6553083,1097106,6630317,10355760,3945380,20016283,1096,27,24,981,10682761,16708080,13993094,38,757655,5916291,7618392,15148729,1260066,200,124,76,17,19,21,11,52,47,30,155,2,0,0,2,37,93,106,0,10,43,34,76,34,False,0.8523000000000001,imputed_v4,,,162.0
20243,11440630,신수동,CS100003,일식음식점,8,416884036,369066564,47817471,51642141,79582341,102255921,8657501,110530899,35909014,28306216,10911232,136,268,878675,327784373,77309348,281093500,135790536,819,8792375,91637827,173234705,103977378,39240929,852,673,178,141,171,103,79,151,96,108,88,1,2,31,525,204,508,344,2,84,163,307,192,102,False,0.8523000000000001,imputed_v4,,,162.0
20243,11440700,망원2동,CS100003,일식음식점,9,2913563187,2831756584,81806602,499162476,501190221,540727126,586321169,699846253,38042605,48273335,222829,479988,1053162857,204946776,1556247207,98503527,1727256723,1186306463,7354935,805895884,823962646,681980566,485856887,108512266,9441,8584,857,1731,1586,1534,1592,1741,684,571,24,33,4554,1006,3305,517,5079,4361,135,2915,2208,2053,1539,589,True,0.4,extrapolated_v4,,,162.0
20243,11440700,망원2동,CS100004,양식음식점,9,533801562,386381446,147420115,1319,58602272,78238627,116441213,54795785,127106429,98615914,209,764,274278819,94198182,165323149,437,379480028,154321534,175,62953312,187957393,141419848,113827324,27643507,2205,1406,798,5,334,420,332,315,418,377,2,2,1232,448,515,4,1372,833,2,321,773,593,334,179,False,0.8523000000000001,imputed_v4,,,162.0
20243,11440720,성산1동,CS100005,제과점,18,248895751,191939523,56956228,243915,55819106,57607521,37652201,42094028,54385494,1093484,4,18304783,85717743,71554360,73302416,16443,81355998,167539753,38242,61470353,56127226,53628002,34970100,42661825,1096,824,272,34,275,216,168,174,185,40,0,52,419,303,318,3,398,698,2,341,245,210,178,118,False,0.8523000000000001,imputed_v4,,,162.0
20244,11440555,아현동,CS100004,양식음식점,13,4308767542,3389630210,919137331,596872291,731873469,731145559,715117038,827617915,696022117,10119151,71169,427271,1519710173,687116885,2062569813,38872228,2028219033,2280548508,30469003,1057774254,1193869698,1039442476,723285109,263927000,13500,11025,2474,1977,2396,2169,2083,2464,2051,358,20,57,5577,2204,5334,304,5951,7548,202,3826,3801,2789,2105,775,True,0.4,extrapolated_v4,,,165.6
20244,11440610,염리동,CS100002,중식음식점,6,27648683,14745363,12903319,37131,237643,4921901,261228,8994755,9861344,3334678,24751115,613,263,190,597,2895902,17854914,9793769,86,1486025,5436635,9540769,10754438,430726,183,104,78,9,11,20,5,55,46,34,160,1,1,1,2,16,96,87,1,12,52,35,63,18,False,0.8523000000000001,imputed_v4,,,165.6
20244,11440630,신수동,CS100003,일식음식점,9,530544703,511317228,19227475,67696046,120687185,123225091,16914739,157218203,20312051,24491385,4510827,3648,9031222,110954141,357575775,48469087,359374502,171170201,20241,7271579,128606630,195193863,141429469,58022918,1094,924,170,211,219,152,92,181,80,157,35,2,224,237,444,150,585,509,12,93,222,334,227,204,False,0.8523000000000001,imputed_v4,,,165.6
20244,11440700,망원2동,CS100003,일식음식점,10,3415947093,3375396936,40550156,603643514,623423927,683926951,660634157,780436710,26290838,37590992,253057,619970,1270045091,207767924,1871610550,65650497,2026251092,1389696000,10262038,1049491516,1021939325,741043057,515704261,77506893,10564,9744,819,1902,1843,1745,1801,1948,740,582,30,40,5099,1231,3671,491,5860,4704,156,3468,2475,2236,1646,580,True,0.4,extrapolated_v4,,,165.6
20244,11440700,망원2동,CS100004,양식음식점,10,623842039,358589135,265252904,10032,91883912,92685243,78247981,72933158,154859590,133222120,212,3624,308918535,114251029,200667304,1333,434214176,189627863,348,79806628,235363845,176863055,110197112,21611048,2407,1525,881,12,408,385,350,373,470,406,1,3,1435,466,496,4,1499,908,3,377,811,652,355,206,False,0.8523000000000001,imputed_v4,,,165.6
20244,11440720,성산1동,CS100005,제과점,19,168901912,128595114,40306798,502670,36577210,38448524,29199391,29038506,33921886,1213722,13,14798423,64028433,48448539,41624073,2428,68405827,100496085,33770,40982463,37814879,34411320,28330193,27329284,925,725,200,31,225,188,157,141,148,33,0,65,372,269,215,2,359,566,3,287,210,168,159,95,False,0.8523000000000001,imputed_v4,,,165.6
